fold_id,heldout_family_id,policy,family_id,molecule,basis,basis_status,instance_id,problem_instance,input_sha256,n_configurations,decision_candidate_name,selected_candidate_name,oracle_candidate_names,selected_wall_time_s,oracle_wall_time_s,normalized_runtime,normalized_regret,speedup_vs_fixed_cpu,speedup_vs_fixed_gpu,selection_correct,within_5pct_oracle,valid,failure,invalid_reason,selected_source_record_ids,oracle_source_record_ids,candidate_predictions
primary_leave_one_family_out_01_fe4s4,fe4s4,fixed_cpu16,fe4s4,Fe4S4,,upstream_not_reported,fe4s4::fe4s4-prefix-0032,fe4s4-prefix-0032,f103fd51dd08c7654df2db110936ac379bd103b817b518083fa50ae85cc66390,1024,amd-cpu-16,amd-cpu-16,"[""amd-cpu-16""]",1.4109253030037507,1.4109253030037507,1.0,0.0,1.0,1.1579889094901945,True,True,True,False,,"[""c81319dfb3791ad00d4d559c0d9b09dd424a602ce7c629f8e52dfc91e0ec6e68"", ""107fbe8a96874d48fbf6cf07d9f91c5add6ca9602bfddb399a2fe261c997a3d8"", ""a91ca983f96b931e6b837c868a483aa1696fc238577613fbe51f281e3b3b7ab9""]","[""107fbe8a96874d48fbf6cf07d9f91c5add6ca9602bfddb399a2fe261c997a3d8"", ""a91ca983f96b931e6b837c868a483aa1696fc238577613fbe51f281e3b3b7ab9"", ""c81319dfb3791ad00d4d559c0d9b09dd424a602ce7c629f8e52dfc91e0ec6e68""]",
primary_leave_one_family_out_01_fe4s4,fe4s4,fixed_gpu,fe4s4,Fe4S4,,upstream_not_reported,fe4s4::fe4s4-prefix-0032,fe4s4-prefix-0032,f103fd51dd08c7654df2db110936ac379bd103b817b518083fa50ae85cc66390,1024,amd-l4-default,amd-l4-default,"[""amd-cpu-16""]",1.6338358529974357,1.4109253030037507,1.1579889094901945,0.15798890949019462,0.8635661290057179,1.0,False,False,True,False,,"[""6bd677d64c28fdab2b1199ebdc0d85cb655d6e1a91ffbc0a77298bf5e9e4fee8"", ""82ebcc264c25541f0a13ba78c4e1ba3fd63fc78df7334b1c1fce1fe53d5cefaa"", ""8087a3105880ca163d7ebda8fa4893be8dcb3f4c77b1cd7dd9639553bd50f829""]","[""107fbe8a96874d48fbf6cf07d9f91c5add6ca9602bfddb399a2fe261c997a3d8"", ""a91ca983f96b931e6b837c868a483aa1696fc238577613fbe51f281e3b3b7ab9"", ""c81319dfb3791ad00d4d559c0d9b09dd424a602ce7c629f8e52dfc91e0ec6e68""]",
primary_leave_one_family_out_01_fe4s4,fe4s4,static_size_threshold,fe4s4,Fe4S4,,upstream_not_reported,fe4s4::fe4s4-prefix-0032,fe4s4-prefix-0032,f103fd51dd08c7654df2db110936ac379bd103b817b518083fa50ae85cc66390,1024,amd-cpu-16,amd-cpu-16,"[""amd-cpu-16""]",1.4109253030037507,1.4109253030037507,1.0,0.0,1.0,1.1579889094901945,True,True,True,False,,"[""c81319dfb3791ad00d4d559c0d9b09dd424a602ce7c629f8e52dfc91e0ec6e68"", ""107fbe8a96874d48fbf6cf07d9f91c5add6ca9602bfddb399a2fe261c997a3d8"", ""a91ca983f96b931e6b837c868a483aa1696fc238577613fbe51f281e3b3b7ab9""]","[""107fbe8a96874d48fbf6cf07d9f91c5add6ca9602bfddb399a2fe261c997a3d8"", ""a91ca983f96b931e6b837c868a483aa1696fc238577613fbe51f281e3b3b7ab9"", ""c81319dfb3791ad00d4d559c0d9b09dd424a602ce7c629f8e52dfc91e0ec6e68""]",
primary_leave_one_family_out_01_fe4s4,fe4s4,size_only_tree_ablation,fe4s4,Fe4S4,,upstream_not_reported,fe4s4::fe4s4-prefix-0032,fe4s4-prefix-0032,f103fd51dd08c7654df2db110936ac379bd103b817b518083fa50ae85cc66390,1024,amd-cpu-16,amd-cpu-16,"[""amd-cpu-16""]",1.4109253030037507,1.4109253030037507,1.0,0.0,1.0,1.1579889094901945,True,True,True,False,,"[""c81319dfb3791ad00d4d559c0d9b09dd424a602ce7c629f8e52dfc91e0ec6e68"", ""107fbe8a96874d48fbf6cf07d9f91c5add6ca9602bfddb399a2fe261c997a3d8"", ""a91ca983f96b931e6b837c868a483aa1696fc238577613fbe51f281e3b3b7ab9""]","[""107fbe8a96874d48fbf6cf07d9f91c5add6ca9602bfddb399a2fe261c997a3d8"", ""a91ca983f96b931e6b837c868a483aa1696fc238577613fbe51f281e3b3b7ab9"", ""c81319dfb3791ad00d4d559c0d9b09dd424a602ce7c629f8e52dfc91e0ec6e68""]","[{""candidate_name"": ""amd-cpu-16"", ""predicted_log1p_median_wall_time_s"": 0.5050812495881083}, {""candidate_name"": ""amd-l4-default"", ""predicted_log1p_median_wall_time_s"": 0.6144116175271556}]"
primary_leave_one_family_out_01_fe4s4,fe4s4,autosbd_full_tree,fe4s4,Fe4S4,,upstream_not_reported,fe4s4::fe4s4-prefix-0032,fe4s4-prefix-0032,f103fd51dd08c7654df2db110936ac379bd103b817b518083fa50ae85cc66390,1024,amd-cpu-16,amd-cpu-16,"[""amd-cpu-16""]",1.4109253030037507,1.4109253030037507,1.0,0.0,1.0,1.1579889094901945,True,True,True,False,,"[""c81319dfb3791ad00d4d559c0d9b09dd424a602ce7c629f8e52dfc91e0ec6e68"", ""107fbe8a96874d48fbf6cf07d9f91c5add6ca9602bfddb399a2fe261c997a3d8"", ""a91ca983f96b931e6b837c868a483aa1696fc238577613fbe51f281e3b3b7ab9""]","[""107fbe8a96874d48fbf6cf07d9f91c5add6ca9602bfddb399a2fe261c997a3d8"", ""a91ca983f96b931e6b837c868a483aa1696fc238577613fbe51f281e3b3b7ab9"", ""c81319dfb3791ad00d4d559c0d9b09dd424a602ce7c629f8e52dfc91e0ec6e68""]","[{""candidate_name"": ""amd-cpu-16"", ""predicted_log1p_median_wall_time_s"": 0.5050812495881083}, {""candidate_name"": ""amd-l4-default"", ""predicted_log1p_median_wall_time_s"": 0.6144116175271556}]"
primary_leave_one_family_out_01_fe4s4,fe4s4,measured_feasible_oracle,fe4s4,Fe4S4,,upstream_not_reported,fe4s4::fe4s4-prefix-0032,fe4s4-prefix-0032,f103fd51dd08c7654df2db110936ac379bd103b817b518083fa50ae85cc66390,1024,amd-cpu-16,amd-cpu-16,"[""amd-cpu-16""]",1.4109253030037507,1.4109253030037507,1.0,0.0,1.0,1.1579889094901945,True,True,True,False,,"[""c81319dfb3791ad00d4d559c0d9b09dd424a602ce7c629f8e52dfc91e0ec6e68"", ""107fbe8a96874d48fbf6cf07d9f91c5add6ca9602bfddb399a2fe261c997a3d8"", ""a91ca983f96b931e6b837c868a483aa1696fc238577613fbe51f281e3b3b7ab9""]","[""107fbe8a96874d48fbf6cf07d9f91c5add6ca9602bfddb399a2fe261c997a3d8"", ""a91ca983f96b931e6b837c868a483aa1696fc238577613fbe51f281e3b3b7ab9"", ""c81319dfb3791ad00d4d559c0d9b09dd424a602ce7c629f8e52dfc91e0ec6e68""]",
primary_leave_one_family_out_01_fe4s4,fe4s4,fixed_cpu16,fe4s4,Fe4S4,,upstream_not_reported,fe4s4::fe4s4-prefix-0055,fe4s4-prefix-0055,9e7200c65761a843b0d95d70dc1680653805434675077bb83579fcfa0852bba7,3025,amd-cpu-16,amd-cpu-16,"[""amd-l4-default""]",2.41789160999906,1.9198227190063335,1.259434835342775,0.25943483534277495,1.0,0.7940069402065049,False,False,True,False,,"[""e42646e72c03542753e41340f3aec8e5eb26c6326da06afbd3aa7faa69026a11"", ""b1fb7cbf40909cb1b119bcb1a118af06caa1af2d6fb6535a8fd5065b151b2de5"", ""49bdc6528a387317d71ad181d2781bc5da2c6c32ae7424737064f4bda960c4e0""]","[""26e34d766211ea7fffb19b527451db1d4e0e2fec45fc802a620584d36f0c94c5"", ""ab0ae4126a47916620b0128fe8b3a0459b49dae9dfac87301427564b7c24744c"", ""bb355684dbac68a98351d6f79de503a41f210d047d6cf0446a5696e13a6542bf""]",
primary_leave_one_family_out_01_fe4s4,fe4s4,fixed_gpu,fe4s4,Fe4S4,,upstream_not_reported,fe4s4::fe4s4-prefix-0055,fe4s4-prefix-0055,9e7200c65761a843b0d95d70dc1680653805434675077bb83579fcfa0852bba7,3025,amd-l4-default,amd-l4-default,"[""amd-l4-default""]",1.9198227190063335,1.9198227190063335,1.0,0.0,1.259434835342775,1.0,True,True,True,False,,"[""26e34d766211ea7fffb19b527451db1d4e0e2fec45fc802a620584d36f0c94c5"", ""bb355684dbac68a98351d6f79de503a41f210d047d6cf0446a5696e13a6542bf"", ""ab0ae4126a47916620b0128fe8b3a0459b49dae9dfac87301427564b7c24744c""]","[""26e34d766211ea7fffb19b527451db1d4e0e2fec45fc802a620584d36f0c94c5"", ""ab0ae4126a47916620b0128fe8b3a0459b49dae9dfac87301427564b7c24744c"", ""bb355684dbac68a98351d6f79de503a41f210d047d6cf0446a5696e13a6542bf""]",
primary_leave_one_family_out_01_fe4s4,fe4s4,static_size_threshold,fe4s4,Fe4S4,,upstream_not_reported,fe4s4::fe4s4-prefix-0055,fe4s4-prefix-0055,9e7200c65761a843b0d95d70dc1680653805434675077bb83579fcfa0852bba7,3025,amd-cpu-16,amd-cpu-16,"[""amd-l4-default""]",2.41789160999906,1.9198227190063335,1.259434835342775,0.25943483534277495,1.0,0.7940069402065049,False,False,True,False,,"[""e42646e72c03542753e41340f3aec8e5eb26c6326da06afbd3aa7faa69026a11"", ""b1fb7cbf40909cb1b119bcb1a118af06caa1af2d6fb6535a8fd5065b151b2de5"", ""49bdc6528a387317d71ad181d2781bc5da2c6c32ae7424737064f4bda960c4e0""]","[""26e34d766211ea7fffb19b527451db1d4e0e2fec45fc802a620584d36f0c94c5"", ""ab0ae4126a47916620b0128fe8b3a0459b49dae9dfac87301427564b7c24744c"", ""bb355684dbac68a98351d6f79de503a41f210d047d6cf0446a5696e13a6542bf""]",
primary_leave_one_family_out_01_fe4s4,fe4s4,size_only_tree_ablation,fe4s4,Fe4S4,,upstream_not_reported,fe4s4::fe4s4-prefix-0055,fe4s4-prefix-0055,9e7200c65761a843b0d95d70dc1680653805434675077bb83579fcfa0852bba7,3025,amd-cpu-16,amd-cpu-16,"[""amd-l4-default""]",2.41789160999906,1.9198227190063335,1.259434835342775,0.25943483534277495,1.0,0.7940069402065049,False,False,True,False,,"[""e42646e72c03542753e41340f3aec8e5eb26c6326da06afbd3aa7faa69026a11"", ""b1fb7cbf40909cb1b119bcb1a118af06caa1af2d6fb6535a8fd5065b151b2de5"", ""49bdc6528a387317d71ad181d2781bc5da2c6c32ae7424737064f4bda960c4e0""]","[""26e34d766211ea7fffb19b527451db1d4e0e2fec45fc802a620584d36f0c94c5"", ""ab0ae4126a47916620b0128fe8b3a0459b49dae9dfac87301427564b7c24744c"", ""bb355684dbac68a98351d6f79de503a41f210d047d6cf0446a5696e13a6542bf""]","[{""candidate_name"": ""amd-cpu-16"", ""predicted_log1p_median_wall_time_s"": 0.5050812495881083}, {""candidate_name"": ""amd-l4-default"", ""predicted_log1p_median_wall_time_s"": 0.6144116175271556}]"
primary_leave_one_family_out_01_fe4s4,fe4s4,autosbd_full_tree,fe4s4,Fe4S4,,upstream_not_reported,fe4s4::fe4s4-prefix-0055,fe4s4-prefix-0055,9e7200c65761a843b0d95d70dc1680653805434675077bb83579fcfa0852bba7,3025,amd-cpu-16,amd-cpu-16,"[""amd-l4-default""]",2.41789160999906,1.9198227190063335,1.259434835342775,0.25943483534277495,1.0,0.7940069402065049,False,False,True,False,,"[""e42646e72c03542753e41340f3aec8e5eb26c6326da06afbd3aa7faa69026a11"", ""b1fb7cbf40909cb1b119bcb1a118af06caa1af2d6fb6535a8fd5065b151b2de5"", ""49bdc6528a387317d71ad181d2781bc5da2c6c32ae7424737064f4bda960c4e0""]","[""26e34d766211ea7fffb19b527451db1d4e0e2fec45fc802a620584d36f0c94c5"", ""ab0ae4126a47916620b0128fe8b3a0459b49dae9dfac87301427564b7c24744c"", ""bb355684dbac68a98351d6f79de503a41f210d047d6cf0446a5696e13a6542bf""]","[{""candidate_name"": ""amd-cpu-16"", ""predicted_log1p_median_wall_time_s"": 0.5050812495881083}, {""candidate_name"": ""amd-l4-default"", ""predicted_log1p_median_wall_time_s"": 0.6144116175271556}]"
primary_leave_one_family_out_01_fe4s4,fe4s4,measured_feasible_oracle,fe4s4,Fe4S4,,upstream_not_reported,fe4s4::fe4s4-prefix-0055,fe4s4-prefix-0055,9e7200c65761a843b0d95d70dc1680653805434675077bb83579fcfa0852bba7,3025,amd-l4-default,amd-l4-default,"[""amd-l4-default""]",1.9198227190063335,1.9198227190063335,1.0,0.0,1.259434835342775,1.0,True,True,True,False,,"[""26e34d766211ea7fffb19b527451db1d4e0e2fec45fc802a620584d36f0c94c5"", ""bb355684dbac68a98351d6f79de503a41f210d047d6cf0446a5696e13a6542bf"", ""ab0ae4126a47916620b0128fe8b3a0459b49dae9dfac87301427564b7c24744c""]","[""26e34d766211ea7fffb19b527451db1d4e0e2fec45fc802a620584d36f0c94c5"", ""ab0ae4126a47916620b0128fe8b3a0459b49dae9dfac87301427564b7c24744c"", ""bb355684dbac68a98351d6f79de503a41f210d047d6cf0446a5696e13a6542bf""]",
primary_leave_one_family_out_01_fe4s4,fe4s4,fixed_cpu16,fe4s4,Fe4S4,,upstream_not_reported,fe4s4::fe4s4-prefix-0100,fe4s4-prefix-0100,8388d0e2a075126004890ad88c3680722226870440793d7d97242885ebfc7eda,10000,amd-cpu-16,amd-cpu-16,"[""amd-l4-default""]",5.633911507997254,2.8404115309967892,1.9834842404051707,0.9834842404051707,1.0,0.504163320095615,False,False,True,False,,"[""196b3131f5336aad7cd9c4ee5e7f3d8f515890d6f6134e6d7111bbc3a63edf7f"", ""47c38818e4f6fe169e436aae1d5d7c8dd0b7fbae6a43d7041ef5d7da7292e964"", ""2b1a872d08adf4dae18780d39c3bb3b6a633aff19b57e0eb4a78a70cea406546""]","[""17e441c1533540b70cc0cbe73299b02f7941e2db8d1107b82f1b796123fa5b36"", ""1828d00372451f8eed4e72f9b7618f1ea567f653f0649955db96b3c730392530"", ""db2fd96b503d553e02bbd35e981f2e0c1019ed2f4ac603b664b7a5e8a551ac23""]",
primary_leave_one_family_out_01_fe4s4,fe4s4,fixed_gpu,fe4s4,Fe4S4,,upstream_not_reported,fe4s4::fe4s4-prefix-0100,fe4s4-prefix-0100,8388d0e2a075126004890ad88c3680722226870440793d7d97242885ebfc7eda,10000,amd-l4-default,amd-l4-default,"[""amd-l4-default""]",2.8404115309967892,2.8404115309967892,1.0,0.0,1.9834842404051707,1.0,True,True,True,False,,"[""17e441c1533540b70cc0cbe73299b02f7941e2db8d1107b82f1b796123fa5b36"", ""1828d00372451f8eed4e72f9b7618f1ea567f653f0649955db96b3c730392530"", ""db2fd96b503d553e02bbd35e981f2e0c1019ed2f4ac603b664b7a5e8a551ac23""]","[""17e441c1533540b70cc0cbe73299b02f7941e2db8d1107b82f1b796123fa5b36"", ""1828d00372451f8eed4e72f9b7618f1ea567f653f0649955db96b3c730392530"", ""db2fd96b503d553e02bbd35e981f2e0c1019ed2f4ac603b664b7a5e8a551ac23""]",
primary_leave_one_family_out_01_fe4s4,fe4s4,static_size_threshold,fe4s4,Fe4S4,,upstream_not_reported,fe4s4::fe4s4-prefix-0100,fe4s4-prefix-0100,8388d0e2a075126004890ad88c3680722226870440793d7d97242885ebfc7eda,10000,amd-l4-default,amd-l4-default,"[""amd-l4-default""]",2.8404115309967892,2.8404115309967892,1.0,0.0,1.9834842404051707,1.0,True,True,True,False,,"[""17e441c1533540b70cc0cbe73299b02f7941e2db8d1107b82f1b796123fa5b36"", ""1828d00372451f8eed4e72f9b7618f1ea567f653f0649955db96b3c730392530"", ""db2fd96b503d553e02bbd35e981f2e0c1019ed2f4ac603b664b7a5e8a551ac23""]","[""17e441c1533540b70cc0cbe73299b02f7941e2db8d1107b82f1b796123fa5b36"", ""1828d00372451f8eed4e72f9b7618f1ea567f653f0649955db96b3c730392530"", ""db2fd96b503d553e02bbd35e981f2e0c1019ed2f4ac603b664b7a5e8a551ac23""]",
primary_leave_one_family_out_01_fe4s4,fe4s4,size_only_tree_ablation,fe4s4,Fe4S4,,upstream_not_reported,fe4s4::fe4s4-prefix-0100,fe4s4-prefix-0100,8388d0e2a075126004890ad88c3680722226870440793d7d97242885ebfc7eda,10000,amd-l4-default,amd-l4-default,"[""amd-l4-default""]",2.8404115309967892,2.8404115309967892,1.0,0.0,1.9834842404051707,1.0,True,True,True,False,,"[""17e441c1533540b70cc0cbe73299b02f7941e2db8d1107b82f1b796123fa5b36"", ""1828d00372451f8eed4e72f9b7618f1ea567f653f0649955db96b3c730392530"", ""db2fd96b503d553e02bbd35e981f2e0c1019ed2f4ac603b664b7a5e8a551ac23""]","[""17e441c1533540b70cc0cbe73299b02f7941e2db8d1107b82f1b796123fa5b36"", ""1828d00372451f8eed4e72f9b7618f1ea567f653f0649955db96b3c730392530"", ""db2fd96b503d553e02bbd35e981f2e0c1019ed2f4ac603b664b7a5e8a551ac23""]","[{""candidate_name"": ""amd-cpu-16"", ""predicted_log1p_median_wall_time_s"": 0.7925914173839739}, {""candidate_name"": ""amd-l4-default"", ""predicted_log1p_median_wall_time_s"": 0.6902432098980653}]"
primary_leave_one_family_out_01_fe4s4,fe4s4,autosbd_full_tree,fe4s4,Fe4S4,,upstream_not_reported,fe4s4::fe4s4-prefix-0100,fe4s4-prefix-0100,8388d0e2a075126004890ad88c3680722226870440793d7d97242885ebfc7eda,10000,amd-l4-default,amd-l4-default,"[""amd-l4-default""]",2.8404115309967892,2.8404115309967892,1.0,0.0,1.9834842404051707,1.0,True,True,True,False,,"[""17e441c1533540b70cc0cbe73299b02f7941e2db8d1107b82f1b796123fa5b36"", ""1828d00372451f8eed4e72f9b7618f1ea567f653f0649955db96b3c730392530"", ""db2fd96b503d553e02bbd35e981f2e0c1019ed2f4ac603b664b7a5e8a551ac23""]","[""17e441c1533540b70cc0cbe73299b02f7941e2db8d1107b82f1b796123fa5b36"", ""1828d00372451f8eed4e72f9b7618f1ea567f653f0649955db96b3c730392530"", ""db2fd96b503d553e02bbd35e981f2e0c1019ed2f4ac603b664b7a5e8a551ac23""]","[{""candidate_name"": ""amd-cpu-16"", ""predicted_log1p_median_wall_time_s"": 0.7925914173839739}, {""candidate_name"": ""amd-l4-default"", ""predicted_log1p_median_wall_time_s"": 0.6902432098980653}]"
primary_leave_one_family_out_01_fe4s4,fe4s4,measured_feasible_oracle,fe4s4,Fe4S4,,upstream_not_reported,fe4s4::fe4s4-prefix-0100,fe4s4-prefix-0100,8388d0e2a075126004890ad88c3680722226870440793d7d97242885ebfc7eda,10000,amd-l4-default,amd-l4-default,"[""amd-l4-default""]",2.8404115309967892,2.8404115309967892,1.0,0.0,1.9834842404051707,1.0,True,True,True,False,,"[""17e441c1533540b70cc0cbe73299b02f7941e2db8d1107b82f1b796123fa5b36"", ""1828d00372451f8eed4e72f9b7618f1ea567f653f0649955db96b3c730392530"", ""db2fd96b503d553e02bbd35e981f2e0c1019ed2f4ac603b664b7a5e8a551ac23""]","[""17e441c1533540b70cc0cbe73299b02f7941e2db8d1107b82f1b796123fa5b36"", ""1828d00372451f8eed4e72f9b7618f1ea567f653f0649955db96b3c730392530"", ""db2fd96b503d553e02bbd35e981f2e0c1019ed2f4ac603b664b7a5e8a551ac23""]",
primary_leave_one_family_out_01_fe4s4,fe4s4,fixed_cpu16,fe4s4,Fe4S4,,upstream_not_reported,fe4s4::fe4s4-prefix-0174,fe4s4-prefix-0174,b4c93c6609f07ed1321fab96ec8683bd081fbfb8bd8682e97882a624a0ec6e77,30276,amd-cpu-16,amd-cpu-16,"[""amd-l4-default""]",29.969004751001194,8.776808773000084,3.4145673588325436,2.4145673588325436,1.0,0.2928628710203288,False,False,True,False,,"[""a618280b1095aa1a879e8464877c7bb17f9ee0026f3fe2a5dba71822171ec9ce"", ""72d9ccb479bf5b08848e2ed58e403ab1f019fa2f4184bdb45f81e21df2de558f"", ""d9c7fa3c1087bd7d2da569a80803ed1313da2b42ddd302b61876387828a2dfcf""]","[""36681c01f7984b94d63ba440ab7f22e2bd94707f838c4369380f9801b45b684a"", ""b8463cd42b6ac55dacdc5abac5e9affc0e65c84a59dd084467ef3ce085673ca7"", ""f8061e07c0be9a2a0dc834b4f1e8bd4eff5b91ce2585374c02bb56c0f6945196""]",
primary_leave_one_family_out_01_fe4s4,fe4s4,fixed_gpu,fe4s4,Fe4S4,,upstream_not_reported,fe4s4::fe4s4-prefix-0174,fe4s4-prefix-0174,b4c93c6609f07ed1321fab96ec8683bd081fbfb8bd8682e97882a624a0ec6e77,30276,amd-l4-default,amd-l4-default,"[""amd-l4-default""]",8.776808773000084,8.776808773000084,1.0,0.0,3.4145673588325436,1.0,True,True,True,False,,"[""f8061e07c0be9a2a0dc834b4f1e8bd4eff5b91ce2585374c02bb56c0f6945196"", ""36681c01f7984b94d63ba440ab7f22e2bd94707f838c4369380f9801b45b684a"", ""b8463cd42b6ac55dacdc5abac5e9affc0e65c84a59dd084467ef3ce085673ca7""]","[""36681c01f7984b94d63ba440ab7f22e2bd94707f838c4369380f9801b45b684a"", ""b8463cd42b6ac55dacdc5abac5e9affc0e65c84a59dd084467ef3ce085673ca7"", ""f8061e07c0be9a2a0dc834b4f1e8bd4eff5b91ce2585374c02bb56c0f6945196""]",
primary_leave_one_family_out_01_fe4s4,fe4s4,static_size_threshold,fe4s4,Fe4S4,,upstream_not_reported,fe4s4::fe4s4-prefix-0174,fe4s4-prefix-0174,b4c93c6609f07ed1321fab96ec8683bd081fbfb8bd8682e97882a624a0ec6e77,30276,amd-l4-default,amd-l4-default,"[""amd-l4-default""]",8.776808773000084,8.776808773000084,1.0,0.0,3.4145673588325436,1.0,True,True,True,False,,"[""f8061e07c0be9a2a0dc834b4f1e8bd4eff5b91ce2585374c02bb56c0f6945196"", ""36681c01f7984b94d63ba440ab7f22e2bd94707f838c4369380f9801b45b684a"", ""b8463cd42b6ac55dacdc5abac5e9affc0e65c84a59dd084467ef3ce085673ca7""]","[""36681c01f7984b94d63ba440ab7f22e2bd94707f838c4369380f9801b45b684a"", ""b8463cd42b6ac55dacdc5abac5e9affc0e65c84a59dd084467ef3ce085673ca7"", ""f8061e07c0be9a2a0dc834b4f1e8bd4eff5b91ce2585374c02bb56c0f6945196""]",
primary_leave_one_family_out_01_fe4s4,fe4s4,size_only_tree_ablation,fe4s4,Fe4S4,,upstream_not_reported,fe4s4::fe4s4-prefix-0174,fe4s4-prefix-0174,b4c93c6609f07ed1321fab96ec8683bd081fbfb8bd8682e97882a624a0ec6e77,30276,amd-l4-default,amd-l4-default,"[""amd-l4-default""]",8.776808773000084,8.776808773000084,1.0,0.0,3.4145673588325436,1.0,True,True,True,False,,"[""f8061e07c0be9a2a0dc834b4f1e8bd4eff5b91ce2585374c02bb56c0f6945196"", ""36681c01f7984b94d63ba440ab7f22e2bd94707f838c4369380f9801b45b684a"", ""b8463cd42b6ac55dacdc5abac5e9affc0e65c84a59dd084467ef3ce085673ca7""]","[""36681c01f7984b94d63ba440ab7f22e2bd94707f838c4369380f9801b45b684a"", ""b8463cd42b6ac55dacdc5abac5e9affc0e65c84a59dd084467ef3ce085673ca7"", ""f8061e07c0be9a2a0dc834b4f1e8bd4eff5b91ce2585374c02bb56c0f6945196""]","[{""candidate_name"": ""amd-cpu-16"", ""predicted_log1p_median_wall_time_s"": 1.4613717914729558}, {""candidate_name"": ""amd-l4-default"", ""predicted_log1p_median_wall_time_s"": 0.7961673476954679}]"
primary_leave_one_family_out_01_fe4s4,fe4s4,autosbd_full_tree,fe4s4,Fe4S4,,upstream_not_reported,fe4s4::fe4s4-prefix-0174,fe4s4-prefix-0174,b4c93c6609f07ed1321fab96ec8683bd081fbfb8bd8682e97882a624a0ec6e77,30276,amd-l4-default,amd-l4-default,"[""amd-l4-default""]",8.776808773000084,8.776808773000084,1.0,0.0,3.4145673588325436,1.0,True,True,True,False,,"[""f8061e07c0be9a2a0dc834b4f1e8bd4eff5b91ce2585374c02bb56c0f6945196"", ""36681c01f7984b94d63ba440ab7f22e2bd94707f838c4369380f9801b45b684a"", ""b8463cd42b6ac55dacdc5abac5e9affc0e65c84a59dd084467ef3ce085673ca7""]","[""36681c01f7984b94d63ba440ab7f22e2bd94707f838c4369380f9801b45b684a"", ""b8463cd42b6ac55dacdc5abac5e9affc0e65c84a59dd084467ef3ce085673ca7"", ""f8061e07c0be9a2a0dc834b4f1e8bd4eff5b91ce2585374c02bb56c0f6945196""]","[{""candidate_name"": ""amd-cpu-16"", ""predicted_log1p_median_wall_time_s"": 0.7925914173839739}, {""candidate_name"": ""amd-l4-default"", ""predicted_log1p_median_wall_time_s"": 0.6902432098980653}]"
primary_leave_one_family_out_01_fe4s4,fe4s4,measured_feasible_oracle,fe4s4,Fe4S4,,upstream_not_reported,fe4s4::fe4s4-prefix-0174,fe4s4-prefix-0174,b4c93c6609f07ed1321fab96ec8683bd081fbfb8bd8682e97882a624a0ec6e77,30276,amd-l4-default,amd-l4-default,"[""amd-l4-default""]",8.776808773000084,8.776808773000084,1.0,0.0,3.4145673588325436,1.0,True,True,True,False,,"[""f8061e07c0be9a2a0dc834b4f1e8bd4eff5b91ce2585374c02bb56c0f6945196"", ""36681c01f7984b94d63ba440ab7f22e2bd94707f838c4369380f9801b45b684a"", ""b8463cd42b6ac55dacdc5abac5e9affc0e65c84a59dd084467ef3ce085673ca7""]","[""36681c01f7984b94d63ba440ab7f22e2bd94707f838c4369380f9801b45b684a"", ""b8463cd42b6ac55dacdc5abac5e9affc0e65c84a59dd084467ef3ce085673ca7"", ""f8061e07c0be9a2a0dc834b4f1e8bd4eff5b91ce2585374c02bb56c0f6945196""]",
primary_leave_one_family_out_01_fe4s4,fe4s4,fixed_cpu16,fe4s4,Fe4S4,,upstream_not_reported,fe4s4::fe4s4-prefix-0244,fe4s4-prefix-0244,cca24426f5786ff5b669dd5de6a90a6a813dc9d6f72e5a787156b707db549e03,59536,amd-cpu-16,amd-cpu-16,"[""amd-l4-default""]",78.40097830099694,17.261023300001398,4.542081714297355,3.542081714297355,1.0,0.2201633662494988,False,False,True,False,,"[""18eec5181ee67326db2ebe31045cb90612c516eb73cfa75094b803c43e54a868"", ""cd0fdd6068cb653f83090725dc598e16ed902e1d0425fac8e3638dfdccb126f6"", ""59b9121a07f1615d994aedf7c68b836687b0eb1ad1e262a5d1a9a79a1e4d52c8""]","[""59d3cbb3055441d0d7168152439e2498c621d47c40ce248ed863243e538039ad"", ""d844fde93f05fe4bc4904139680868b4975fdf90f53e8e2e94ab73d0191b2af9"", ""f304cde049ba0b9a8dd4a4598e3b2597b47dad11c306546a1a8753b8ad54b195""]",
primary_leave_one_family_out_01_fe4s4,fe4s4,fixed_gpu,fe4s4,Fe4S4,,upstream_not_reported,fe4s4::fe4s4-prefix-0244,fe4s4-prefix-0244,cca24426f5786ff5b669dd5de6a90a6a813dc9d6f72e5a787156b707db549e03,59536,amd-l4-default,amd-l4-default,"[""amd-l4-default""]",17.261023300001398,17.261023300001398,1.0,0.0,4.542081714297355,1.0,True,True,True,False,,"[""d844fde93f05fe4bc4904139680868b4975fdf90f53e8e2e94ab73d0191b2af9"", ""59d3cbb3055441d0d7168152439e2498c621d47c40ce248ed863243e538039ad"", ""f304cde049ba0b9a8dd4a4598e3b2597b47dad11c306546a1a8753b8ad54b195""]","[""59d3cbb3055441d0d7168152439e2498c621d47c40ce248ed863243e538039ad"", ""d844fde93f05fe4bc4904139680868b4975fdf90f53e8e2e94ab73d0191b2af9"", ""f304cde049ba0b9a8dd4a4598e3b2597b47dad11c306546a1a8753b8ad54b195""]",
primary_leave_one_family_out_01_fe4s4,fe4s4,static_size_threshold,fe4s4,Fe4S4,,upstream_not_reported,fe4s4::fe4s4-prefix-0244,fe4s4-prefix-0244,cca24426f5786ff5b669dd5de6a90a6a813dc9d6f72e5a787156b707db549e03,59536,amd-l4-default,amd-l4-default,"[""amd-l4-default""]",17.261023300001398,17.261023300001398,1.0,0.0,4.542081714297355,1.0,True,True,True,False,,"[""d844fde93f05fe4bc4904139680868b4975fdf90f53e8e2e94ab73d0191b2af9"", ""59d3cbb3055441d0d7168152439e2498c621d47c40ce248ed863243e538039ad"", ""f304cde049ba0b9a8dd4a4598e3b2597b47dad11c306546a1a8753b8ad54b195""]","[""59d3cbb3055441d0d7168152439e2498c621d47c40ce248ed863243e538039ad"", ""d844fde93f05fe4bc4904139680868b4975fdf90f53e8e2e94ab73d0191b2af9"", ""f304cde049ba0b9a8dd4a4598e3b2597b47dad11c306546a1a8753b8ad54b195""]",
primary_leave_one_family_out_01_fe4s4,fe4s4,size_only_tree_ablation,fe4s4,Fe4S4,,upstream_not_reported,fe4s4::fe4s4-prefix-0244,fe4s4-prefix-0244,cca24426f5786ff5b669dd5de6a90a6a813dc9d6f72e5a787156b707db549e03,59536,amd-l4-default,amd-l4-default,"[""amd-l4-default""]",17.261023300001398,17.261023300001398,1.0,0.0,4.542081714297355,1.0,True,True,True,False,,"[""d844fde93f05fe4bc4904139680868b4975fdf90f53e8e2e94ab73d0191b2af9"", ""59d3cbb3055441d0d7168152439e2498c621d47c40ce248ed863243e538039ad"", ""f304cde049ba0b9a8dd4a4598e3b2597b47dad11c306546a1a8753b8ad54b195""]","[""59d3cbb3055441d0d7168152439e2498c621d47c40ce248ed863243e538039ad"", ""d844fde93f05fe4bc4904139680868b4975fdf90f53e8e2e94ab73d0191b2af9"", ""f304cde049ba0b9a8dd4a4598e3b2597b47dad11c306546a1a8753b8ad54b195""]","[{""candidate_name"": ""amd-cpu-16"", ""predicted_log1p_median_wall_time_s"": 2.209423644161696}, {""candidate_name"": ""amd-l4-default"", ""predicted_log1p_median_wall_time_s"": 0.9134093484471144}]"
primary_leave_one_family_out_01_fe4s4,fe4s4,autosbd_full_tree,fe4s4,Fe4S4,,upstream_not_reported,fe4s4::fe4s4-prefix-0244,fe4s4-prefix-0244,cca24426f5786ff5b669dd5de6a90a6a813dc9d6f72e5a787156b707db549e03,59536,amd-l4-default,amd-l4-default,"[""amd-l4-default""]",17.261023300001398,17.261023300001398,1.0,0.0,4.542081714297355,1.0,True,True,True,False,,"[""d844fde93f05fe4bc4904139680868b4975fdf90f53e8e2e94ab73d0191b2af9"", ""59d3cbb3055441d0d7168152439e2498c621d47c40ce248ed863243e538039ad"", ""f304cde049ba0b9a8dd4a4598e3b2597b47dad11c306546a1a8753b8ad54b195""]","[""59d3cbb3055441d0d7168152439e2498c621d47c40ce248ed863243e538039ad"", ""d844fde93f05fe4bc4904139680868b4975fdf90f53e8e2e94ab73d0191b2af9"", ""f304cde049ba0b9a8dd4a4598e3b2597b47dad11c306546a1a8753b8ad54b195""]","[{""candidate_name"": ""amd-cpu-16"", ""predicted_log1p_median_wall_time_s"": 0.7925914173839739}, {""candidate_name"": ""amd-l4-default"", ""predicted_log1p_median_wall_time_s"": 0.6902432098980653}]"
primary_leave_one_family_out_01_fe4s4,fe4s4,measured_feasible_oracle,fe4s4,Fe4S4,,upstream_not_reported,fe4s4::fe4s4-prefix-0244,fe4s4-prefix-0244,cca24426f5786ff5b669dd5de6a90a6a813dc9d6f72e5a787156b707db549e03,59536,amd-l4-default,amd-l4-default,"[""amd-l4-default""]",17.261023300001398,17.261023300001398,1.0,0.0,4.542081714297355,1.0,True,True,True,False,,"[""d844fde93f05fe4bc4904139680868b4975fdf90f53e8e2e94ab73d0191b2af9"", ""59d3cbb3055441d0d7168152439e2498c621d47c40ce248ed863243e538039ad"", ""f304cde049ba0b9a8dd4a4598e3b2597b47dad11c306546a1a8753b8ad54b195""]","[""59d3cbb3055441d0d7168152439e2498c621d47c40ce248ed863243e538039ad"", ""d844fde93f05fe4bc4904139680868b4975fdf90f53e8e2e94ab73d0191b2af9"", ""f304cde049ba0b9a8dd4a4598e3b2597b47dad11c306546a1a8753b8ad54b195""]",
primary_leave_one_family_out_02_n2,n2,fixed_cpu16,n2,N2,6-31G,reported,n2::n2-prefix-0032,n2-prefix-0032,ec17e257f65c7e916b64077cad82f26ee99ce1d11991cf89affedccaafd1aa76,1024,amd-cpu-16,amd-cpu-16,"[""amd-cpu-16""]",0.6076556000043638,0.6076556000043638,1.0,0.0,1.0,1.302999630032873,True,True,True,False,,"[""4a2cf63d4456923274a11e19df59a61ada97d725068859ab19ba614d31fae241"", ""6421f689e8e9c4c7f5816ff2e1602bdc8e11cd849e05a255f68e91d013ffadf9"", ""0a0a6d7eea361d0d2656eebb5942c1dece8a0a236a5b325b1c3300fbcef9d572""]","[""0a0a6d7eea361d0d2656eebb5942c1dece8a0a236a5b325b1c3300fbcef9d572"", ""4a2cf63d4456923274a11e19df59a61ada97d725068859ab19ba614d31fae241"", ""6421f689e8e9c4c7f5816ff2e1602bdc8e11cd849e05a255f68e91d013ffadf9""]",
primary_leave_one_family_out_02_n2,n2,fixed_gpu,n2,N2,6-31G,reported,n2::n2-prefix-0032,n2-prefix-0032,ec17e257f65c7e916b64077cad82f26ee99ce1d11991cf89affedccaafd1aa76,1024,amd-l4-default,amd-l4-default,"[""amd-cpu-16""]",0.7917750219930895,0.6076556000043638,1.302999630032873,0.30299963003287295,0.7674599262739402,1.0,False,False,True,False,,"[""1094d460be08be2090cb4ae7e78d57024ea2840a8dcfd3704f857ab84d07ca94"", ""b6bd807cc952f732475d8249823c9a30a6230cd828fec767adc56bb2bd51655e"", ""99e73c6eeb05935ab90fc5cfa97d58c2b5edb0c30a02a525161953b2de85e462""]","[""0a0a6d7eea361d0d2656eebb5942c1dece8a0a236a5b325b1c3300fbcef9d572"", ""4a2cf63d4456923274a11e19df59a61ada97d725068859ab19ba614d31fae241"", ""6421f689e8e9c4c7f5816ff2e1602bdc8e11cd849e05a255f68e91d013ffadf9""]",
primary_leave_one_family_out_02_n2,n2,static_size_threshold,n2,N2,6-31G,reported,n2::n2-prefix-0032,n2-prefix-0032,ec17e257f65c7e916b64077cad82f26ee99ce1d11991cf89affedccaafd1aa76,1024,amd-cpu-16,amd-cpu-16,"[""amd-cpu-16""]",0.6076556000043638,0.6076556000043638,1.0,0.0,1.0,1.302999630032873,True,True,True,False,,"[""4a2cf63d4456923274a11e19df59a61ada97d725068859ab19ba614d31fae241"", ""6421f689e8e9c4c7f5816ff2e1602bdc8e11cd849e05a255f68e91d013ffadf9"", ""0a0a6d7eea361d0d2656eebb5942c1dece8a0a236a5b325b1c3300fbcef9d572""]","[""0a0a6d7eea361d0d2656eebb5942c1dece8a0a236a5b325b1c3300fbcef9d572"", ""4a2cf63d4456923274a11e19df59a61ada97d725068859ab19ba614d31fae241"", ""6421f689e8e9c4c7f5816ff2e1602bdc8e11cd849e05a255f68e91d013ffadf9""]",
primary_leave_one_family_out_02_n2,n2,size_only_tree_ablation,n2,N2,6-31G,reported,n2::n2-prefix-0032,n2-prefix-0032,ec17e257f65c7e916b64077cad82f26ee99ce1d11991cf89affedccaafd1aa76,1024,amd-cpu-16,amd-cpu-16,"[""amd-cpu-16""]",0.6076556000043638,0.6076556000043638,1.0,0.0,1.0,1.302999630032873,True,True,True,False,,"[""4a2cf63d4456923274a11e19df59a61ada97d725068859ab19ba614d31fae241"", ""6421f689e8e9c4c7f5816ff2e1602bdc8e11cd849e05a255f68e91d013ffadf9"", ""0a0a6d7eea361d0d2656eebb5942c1dece8a0a236a5b325b1c3300fbcef9d572""]","[""0a0a6d7eea361d0d2656eebb5942c1dece8a0a236a5b325b1c3300fbcef9d572"", ""4a2cf63d4456923274a11e19df59a61ada97d725068859ab19ba614d31fae241"", ""6421f689e8e9c4c7f5816ff2e1602bdc8e11cd849e05a255f68e91d013ffadf9""]","[{""candidate_name"": ""amd-cpu-16"", ""predicted_log1p_median_wall_time_s"": 0.733474166225621}, {""candidate_name"": ""amd-l4-default"", ""predicted_log1p_median_wall_time_s"": 0.733474166225621}]"
primary_leave_one_family_out_02_n2,n2,autosbd_full_tree,n2,N2,6-31G,reported,n2::n2-prefix-0032,n2-prefix-0032,ec17e257f65c7e916b64077cad82f26ee99ce1d11991cf89affedccaafd1aa76,1024,amd-cpu-16,amd-cpu-16,"[""amd-cpu-16""]",0.6076556000043638,0.6076556000043638,1.0,0.0,1.0,1.302999630032873,True,True,True,False,,"[""4a2cf63d4456923274a11e19df59a61ada97d725068859ab19ba614d31fae241"", ""6421f689e8e9c4c7f5816ff2e1602bdc8e11cd849e05a255f68e91d013ffadf9"", ""0a0a6d7eea361d0d2656eebb5942c1dece8a0a236a5b325b1c3300fbcef9d572""]","[""0a0a6d7eea361d0d2656eebb5942c1dece8a0a236a5b325b1c3300fbcef9d572"", ""4a2cf63d4456923274a11e19df59a61ada97d725068859ab19ba614d31fae241"", ""6421f689e8e9c4c7f5816ff2e1602bdc8e11cd849e05a255f68e91d013ffadf9""]","[{""candidate_name"": ""amd-cpu-16"", ""predicted_log1p_median_wall_time_s"": 0.6386598127388395}, {""candidate_name"": ""amd-l4-default"", ""predicted_log1p_median_wall_time_s"": 0.6386598127388395}]"
primary_leave_one_family_out_02_n2,n2,measured_feasible_oracle,n2,N2,6-31G,reported,n2::n2-prefix-0032,n2-prefix-0032,ec17e257f65c7e916b64077cad82f26ee99ce1d11991cf89affedccaafd1aa76,1024,amd-cpu-16,amd-cpu-16,"[""amd-cpu-16""]",0.6076556000043638,0.6076556000043638,1.0,0.0,1.0,1.302999630032873,True,True,True,False,,"[""4a2cf63d4456923274a11e19df59a61ada97d725068859ab19ba614d31fae241"", ""6421f689e8e9c4c7f5816ff2e1602bdc8e11cd849e05a255f68e91d013ffadf9"", ""0a0a6d7eea361d0d2656eebb5942c1dece8a0a236a5b325b1c3300fbcef9d572""]","[""0a0a6d7eea361d0d2656eebb5942c1dece8a0a236a5b325b1c3300fbcef9d572"", ""4a2cf63d4456923274a11e19df59a61ada97d725068859ab19ba614d31fae241"", ""6421f689e8e9c4c7f5816ff2e1602bdc8e11cd849e05a255f68e91d013ffadf9""]",
primary_leave_one_family_out_02_n2,n2,fixed_cpu16,n2,N2,6-31G,reported,n2::n2-prefix-0055,n2-prefix-0055,4507b50dbe257a7a5d0b15b1536c16526f2f0ab957eead9d7e17d765571a3637,3025,amd-cpu-16,amd-cpu-16,"[""amd-cpu-16""]",0.7082737710006768,0.7082737710006768,1.0,0.0,1.0,1.110069165614199,True,True,True,False,,"[""94b35c68ec55cdede5510efefe391454fcfaec21fdb7b47f809f838d70944e1c"", ""8873846ea1614eab0fa28ca88ce910d9b89f6493b31670c1ba9b9680f873535c"", ""63097306ec30613cf73460ff9bd4250fa3c42c37a60be7eee984cea6be765e7d""]","[""63097306ec30613cf73460ff9bd4250fa3c42c37a60be7eee984cea6be765e7d"", ""8873846ea1614eab0fa28ca88ce910d9b89f6493b31670c1ba9b9680f873535c"", ""94b35c68ec55cdede5510efefe391454fcfaec21fdb7b47f809f838d70944e1c""]",
primary_leave_one_family_out_02_n2,n2,fixed_gpu,n2,N2,6-31G,reported,n2::n2-prefix-0055,n2-prefix-0055,4507b50dbe257a7a5d0b15b1536c16526f2f0ab957eead9d7e17d765571a3637,3025,amd-l4-default,amd-l4-default,"[""amd-cpu-16""]",0.7862328740011435,0.7082737710006768,1.110069165614199,0.11006916561419895,0.9008447680345234,1.0,False,False,True,False,,"[""5031530df7be7721bf6212c0a60811c54b0fece9819be7aa847433d518a0a9f9"", ""e0dbffe289887127450fe4f859266661805df348c0a2a117f745871334cfa3b0"", ""037d8d05c7a1c6aca8f52a193786cb433edcbbbdeb47b95edec66e3c03a584ef""]","[""63097306ec30613cf73460ff9bd4250fa3c42c37a60be7eee984cea6be765e7d"", ""8873846ea1614eab0fa28ca88ce910d9b89f6493b31670c1ba9b9680f873535c"", ""94b35c68ec55cdede5510efefe391454fcfaec21fdb7b47f809f838d70944e1c""]",
primary_leave_one_family_out_02_n2,n2,static_size_threshold,n2,N2,6-31G,reported,n2::n2-prefix-0055,n2-prefix-0055,4507b50dbe257a7a5d0b15b1536c16526f2f0ab957eead9d7e17d765571a3637,3025,amd-cpu-16,amd-cpu-16,"[""amd-cpu-16""]",0.7082737710006768,0.7082737710006768,1.0,0.0,1.0,1.110069165614199,True,True,True,False,,"[""94b35c68ec55cdede5510efefe391454fcfaec21fdb7b47f809f838d70944e1c"", ""8873846ea1614eab0fa28ca88ce910d9b89f6493b31670c1ba9b9680f873535c"", ""63097306ec30613cf73460ff9bd4250fa3c42c37a60be7eee984cea6be765e7d""]","[""63097306ec30613cf73460ff9bd4250fa3c42c37a60be7eee984cea6be765e7d"", ""8873846ea1614eab0fa28ca88ce910d9b89f6493b31670c1ba9b9680f873535c"", ""94b35c68ec55cdede5510efefe391454fcfaec21fdb7b47f809f838d70944e1c""]",
primary_leave_one_family_out_02_n2,n2,size_only_tree_ablation,n2,N2,6-31G,reported,n2::n2-prefix-0055,n2-prefix-0055,4507b50dbe257a7a5d0b15b1536c16526f2f0ab957eead9d7e17d765571a3637,3025,amd-cpu-16,amd-cpu-16,"[""amd-cpu-16""]",0.7082737710006768,0.7082737710006768,1.0,0.0,1.0,1.110069165614199,True,True,True,False,,"[""94b35c68ec55cdede5510efefe391454fcfaec21fdb7b47f809f838d70944e1c"", ""8873846ea1614eab0fa28ca88ce910d9b89f6493b31670c1ba9b9680f873535c"", ""63097306ec30613cf73460ff9bd4250fa3c42c37a60be7eee984cea6be765e7d""]","[""63097306ec30613cf73460ff9bd4250fa3c42c37a60be7eee984cea6be765e7d"", ""8873846ea1614eab0fa28ca88ce910d9b89f6493b31670c1ba9b9680f873535c"", ""94b35c68ec55cdede5510efefe391454fcfaec21fdb7b47f809f838d70944e1c""]","[{""candidate_name"": ""amd-cpu-16"", ""predicted_log1p_median_wall_time_s"": 0.8798743789154357}, {""candidate_name"": ""amd-l4-default"", ""predicted_log1p_median_wall_time_s"": 0.8798743789154357}]"
primary_leave_one_family_out_02_n2,n2,autosbd_full_tree,n2,N2,6-31G,reported,n2::n2-prefix-0055,n2-prefix-0055,4507b50dbe257a7a5d0b15b1536c16526f2f0ab957eead9d7e17d765571a3637,3025,amd-cpu-16,amd-cpu-16,"[""amd-cpu-16""]",0.7082737710006768,0.7082737710006768,1.0,0.0,1.0,1.110069165614199,True,True,True,False,,"[""94b35c68ec55cdede5510efefe391454fcfaec21fdb7b47f809f838d70944e1c"", ""8873846ea1614eab0fa28ca88ce910d9b89f6493b31670c1ba9b9680f873535c"", ""63097306ec30613cf73460ff9bd4250fa3c42c37a60be7eee984cea6be765e7d""]","[""63097306ec30613cf73460ff9bd4250fa3c42c37a60be7eee984cea6be765e7d"", ""8873846ea1614eab0fa28ca88ce910d9b89f6493b31670c1ba9b9680f873535c"", ""94b35c68ec55cdede5510efefe391454fcfaec21fdb7b47f809f838d70944e1c""]","[{""candidate_name"": ""amd-cpu-16"", ""predicted_log1p_median_wall_time_s"": 0.6386598127388395}, {""candidate_name"": ""amd-l4-default"", ""predicted_log1p_median_wall_time_s"": 0.6386598127388395}]"
primary_leave_one_family_out_02_n2,n2,measured_feasible_oracle,n2,N2,6-31G,reported,n2::n2-prefix-0055,n2-prefix-0055,4507b50dbe257a7a5d0b15b1536c16526f2f0ab957eead9d7e17d765571a3637,3025,amd-cpu-16,amd-cpu-16,"[""amd-cpu-16""]",0.7082737710006768,0.7082737710006768,1.0,0.0,1.0,1.110069165614199,True,True,True,False,,"[""94b35c68ec55cdede5510efefe391454fcfaec21fdb7b47f809f838d70944e1c"", ""8873846ea1614eab0fa28ca88ce910d9b89f6493b31670c1ba9b9680f873535c"", ""63097306ec30613cf73460ff9bd4250fa3c42c37a60be7eee984cea6be765e7d""]","[""63097306ec30613cf73460ff9bd4250fa3c42c37a60be7eee984cea6be765e7d"", ""8873846ea1614eab0fa28ca88ce910d9b89f6493b31670c1ba9b9680f873535c"", ""94b35c68ec55cdede5510efefe391454fcfaec21fdb7b47f809f838d70944e1c""]",
primary_leave_one_family_out_02_n2,n2,fixed_cpu16,n2,N2,6-31G,reported,n2::n2-prefix-0100,n2-prefix-0100,1d928136c75b5deedcb2c11db761ed345aaa597dd9fa947d1b41ee63cafa3f5f,10000,amd-cpu-16,amd-cpu-16,"[""amd-l4-default""]",1.1113481970096473,0.9952696120017208,1.1166302915392596,0.11663029153925956,1.0,0.8955515604197999,False,False,True,False,,"[""554e9873bc7f588495a0c8845b9d2360098c1352301ecb07cf52a0971770cc46"", ""8c6372b2126d6157d234c9d4f895c2a86a391c99962fb29c1f9bb285b8c5e34c"", ""5730bfdcd3a2bde9e935426e09a4aaf7df5e03d1f77c211a316184f9fbc16bf7""]","[""08d7f7b90f30286a3b09dbd3142800bf43b772b70bf8e1777262e40a57832319"", ""3f6a6005b46b18cc6eef7f285058db3e37119e556812b7a0d39de2434ae72b64"", ""5cd6f2cd8da1af42fa868b627829d35a12af5ddbd293f4cf3022822da87ea640""]",
primary_leave_one_family_out_02_n2,n2,fixed_gpu,n2,N2,6-31G,reported,n2::n2-prefix-0100,n2-prefix-0100,1d928136c75b5deedcb2c11db761ed345aaa597dd9fa947d1b41ee63cafa3f5f,10000,amd-l4-default,amd-l4-default,"[""amd-l4-default""]",0.9952696120017208,0.9952696120017208,1.0,0.0,1.1166302915392596,1.0,True,True,True,False,,"[""3f6a6005b46b18cc6eef7f285058db3e37119e556812b7a0d39de2434ae72b64"", ""5cd6f2cd8da1af42fa868b627829d35a12af5ddbd293f4cf3022822da87ea640"", ""08d7f7b90f30286a3b09dbd3142800bf43b772b70bf8e1777262e40a57832319""]","[""08d7f7b90f30286a3b09dbd3142800bf43b772b70bf8e1777262e40a57832319"", ""3f6a6005b46b18cc6eef7f285058db3e37119e556812b7a0d39de2434ae72b64"", ""5cd6f2cd8da1af42fa868b627829d35a12af5ddbd293f4cf3022822da87ea640""]",
primary_leave_one_family_out_02_n2,n2,static_size_threshold,n2,N2,6-31G,reported,n2::n2-prefix-0100,n2-prefix-0100,1d928136c75b5deedcb2c11db761ed345aaa597dd9fa947d1b41ee63cafa3f5f,10000,amd-l4-default,amd-l4-default,"[""amd-l4-default""]",0.9952696120017208,0.9952696120017208,1.0,0.0,1.1166302915392596,1.0,True,True,True,False,,"[""3f6a6005b46b18cc6eef7f285058db3e37119e556812b7a0d39de2434ae72b64"", ""5cd6f2cd8da1af42fa868b627829d35a12af5ddbd293f4cf3022822da87ea640"", ""08d7f7b90f30286a3b09dbd3142800bf43b772b70bf8e1777262e40a57832319""]","[""08d7f7b90f30286a3b09dbd3142800bf43b772b70bf8e1777262e40a57832319"", ""3f6a6005b46b18cc6eef7f285058db3e37119e556812b7a0d39de2434ae72b64"", ""5cd6f2cd8da1af42fa868b627829d35a12af5ddbd293f4cf3022822da87ea640""]",
primary_leave_one_family_out_02_n2,n2,size_only_tree_ablation,n2,N2,6-31G,reported,n2::n2-prefix-0100,n2-prefix-0100,1d928136c75b5deedcb2c11db761ed345aaa597dd9fa947d1b41ee63cafa3f5f,10000,amd-l4-default,amd-l4-default,"[""amd-l4-default""]",0.9952696120017208,0.9952696120017208,1.0,0.0,1.1166302915392596,1.0,True,True,True,False,,"[""3f6a6005b46b18cc6eef7f285058db3e37119e556812b7a0d39de2434ae72b64"", ""5cd6f2cd8da1af42fa868b627829d35a12af5ddbd293f4cf3022822da87ea640"", ""08d7f7b90f30286a3b09dbd3142800bf43b772b70bf8e1777262e40a57832319""]","[""08d7f7b90f30286a3b09dbd3142800bf43b772b70bf8e1777262e40a57832319"", ""3f6a6005b46b18cc6eef7f285058db3e37119e556812b7a0d39de2434ae72b64"", ""5cd6f2cd8da1af42fa868b627829d35a12af5ddbd293f4cf3022822da87ea640""]","[{""candidate_name"": ""amd-cpu-16"", ""predicted_log1p_median_wall_time_s"": 1.3650253683351212}, {""candidate_name"": ""amd-l4-default"", ""predicted_log1p_median_wall_time_s"": 1.0176433825563533}]"
primary_leave_one_family_out_02_n2,n2,autosbd_full_tree,n2,N2,6-31G,reported,n2::n2-prefix-0100,n2-prefix-0100,1d928136c75b5deedcb2c11db761ed345aaa597dd9fa947d1b41ee63cafa3f5f,10000,amd-cpu-16,amd-cpu-16,"[""amd-l4-default""]",1.1113481970096473,0.9952696120017208,1.1166302915392596,0.11663029153925956,1.0,0.8955515604197999,False,False,True,False,,"[""554e9873bc7f588495a0c8845b9d2360098c1352301ecb07cf52a0971770cc46"", ""8c6372b2126d6157d234c9d4f895c2a86a391c99962fb29c1f9bb285b8c5e34c"", ""5730bfdcd3a2bde9e935426e09a4aaf7df5e03d1f77c211a316184f9fbc16bf7""]","[""08d7f7b90f30286a3b09dbd3142800bf43b772b70bf8e1777262e40a57832319"", ""3f6a6005b46b18cc6eef7f285058db3e37119e556812b7a0d39de2434ae72b64"", ""5cd6f2cd8da1af42fa868b627829d35a12af5ddbd293f4cf3022822da87ea640""]","[{""candidate_name"": ""amd-cpu-16"", ""predicted_log1p_median_wall_time_s"": 0.6386598127388395}, {""candidate_name"": ""amd-l4-default"", ""predicted_log1p_median_wall_time_s"": 0.6386598127388395}]"
primary_leave_one_family_out_02_n2,n2,measured_feasible_oracle,n2,N2,6-31G,reported,n2::n2-prefix-0100,n2-prefix-0100,1d928136c75b5deedcb2c11db761ed345aaa597dd9fa947d1b41ee63cafa3f5f,10000,amd-l4-default,amd-l4-default,"[""amd-l4-default""]",0.9952696120017208,0.9952696120017208,1.0,0.0,1.1166302915392596,1.0,True,True,True,False,,"[""3f6a6005b46b18cc6eef7f285058db3e37119e556812b7a0d39de2434ae72b64"", ""5cd6f2cd8da1af42fa868b627829d35a12af5ddbd293f4cf3022822da87ea640"", ""08d7f7b90f30286a3b09dbd3142800bf43b772b70bf8e1777262e40a57832319""]","[""08d7f7b90f30286a3b09dbd3142800bf43b772b70bf8e1777262e40a57832319"", ""3f6a6005b46b18cc6eef7f285058db3e37119e556812b7a0d39de2434ae72b64"", ""5cd6f2cd8da1af42fa868b627829d35a12af5ddbd293f4cf3022822da87ea640""]",
primary_leave_one_family_out_02_n2,n2,fixed_cpu16,n2,N2,6-31G,reported,n2::n2-prefix-0174,n2-prefix-0174,d1155d168110c036ee82b3dc7b49f5ee983c34dd893b4504304b8b36a4e23818,30276,amd-cpu-16,amd-cpu-16,"[""amd-l4-default""]",3.0204282859922387,1.126547102991026,2.6811380349502345,1.6811380349502345,1.0,0.3729759478864583,False,False,True,False,,"[""b1f6ee7ae44e8e7ed7184687808847828940473febed9353b9a8ef39ce146549"", ""3cb36deef152a72c3bc5004d782b50a01a0659163a6c79db59eb151cdacdd9bf"", ""0c0708436752e56a3da2d45f508a6aeb42c9f2573612869402ce916334e5c47d""]","[""13d5b988546e8bfea42def7f1dca6636d295cb1695b83bd246670c2761c4062b"", ""1d330b936b8d6098f68e6958c333295851cd96b9b3960d77aa9314c97104c7f1"", ""f5751ff9b9699bc32ef8669ff5a0057c6aba31280c72587ce2558584fcb979fb""]",
primary_leave_one_family_out_02_n2,n2,fixed_gpu,n2,N2,6-31G,reported,n2::n2-prefix-0174,n2-prefix-0174,d1155d168110c036ee82b3dc7b49f5ee983c34dd893b4504304b8b36a4e23818,30276,amd-l4-default,amd-l4-default,"[""amd-l4-default""]",1.126547102991026,1.126547102991026,1.0,0.0,2.6811380349502345,1.0,True,True,True,False,,"[""13d5b988546e8bfea42def7f1dca6636d295cb1695b83bd246670c2761c4062b"", ""f5751ff9b9699bc32ef8669ff5a0057c6aba31280c72587ce2558584fcb979fb"", ""1d330b936b8d6098f68e6958c333295851cd96b9b3960d77aa9314c97104c7f1""]","[""13d5b988546e8bfea42def7f1dca6636d295cb1695b83bd246670c2761c4062b"", ""1d330b936b8d6098f68e6958c333295851cd96b9b3960d77aa9314c97104c7f1"", ""f5751ff9b9699bc32ef8669ff5a0057c6aba31280c72587ce2558584fcb979fb""]",
primary_leave_one_family_out_02_n2,n2,static_size_threshold,n2,N2,6-31G,reported,n2::n2-prefix-0174,n2-prefix-0174,d1155d168110c036ee82b3dc7b49f5ee983c34dd893b4504304b8b36a4e23818,30276,amd-l4-default,amd-l4-default,"[""amd-l4-default""]",1.126547102991026,1.126547102991026,1.0,0.0,2.6811380349502345,1.0,True,True,True,False,,"[""13d5b988546e8bfea42def7f1dca6636d295cb1695b83bd246670c2761c4062b"", ""f5751ff9b9699bc32ef8669ff5a0057c6aba31280c72587ce2558584fcb979fb"", ""1d330b936b8d6098f68e6958c333295851cd96b9b3960d77aa9314c97104c7f1""]","[""13d5b988546e8bfea42def7f1dca6636d295cb1695b83bd246670c2761c4062b"", ""1d330b936b8d6098f68e6958c333295851cd96b9b3960d77aa9314c97104c7f1"", ""f5751ff9b9699bc32ef8669ff5a0057c6aba31280c72587ce2558584fcb979fb""]",
primary_leave_one_family_out_02_n2,n2,size_only_tree_ablation,n2,N2,6-31G,reported,n2::n2-prefix-0174,n2-prefix-0174,d1155d168110c036ee82b3dc7b49f5ee983c34dd893b4504304b8b36a4e23818,30276,amd-l4-default,amd-l4-default,"[""amd-l4-default""]",1.126547102991026,1.126547102991026,1.0,0.0,2.6811380349502345,1.0,True,True,True,False,,"[""13d5b988546e8bfea42def7f1dca6636d295cb1695b83bd246670c2761c4062b"", ""f5751ff9b9699bc32ef8669ff5a0057c6aba31280c72587ce2558584fcb979fb"", ""1d330b936b8d6098f68e6958c333295851cd96b9b3960d77aa9314c97104c7f1""]","[""13d5b988546e8bfea42def7f1dca6636d295cb1695b83bd246670c2761c4062b"", ""1d330b936b8d6098f68e6958c333295851cd96b9b3960d77aa9314c97104c7f1"", ""f5751ff9b9699bc32ef8669ff5a0057c6aba31280c72587ce2558584fcb979fb""]","[{""candidate_name"": ""amd-cpu-16"", ""predicted_log1p_median_wall_time_s"": 2.4821710023744314}, {""candidate_name"": ""amd-l4-default"", ""predicted_log1p_median_wall_time_s"": 1.5589241194582697}]"
primary_leave_one_family_out_02_n2,n2,autosbd_full_tree,n2,N2,6-31G,reported,n2::n2-prefix-0174,n2-prefix-0174,d1155d168110c036ee82b3dc7b49f5ee983c34dd893b4504304b8b36a4e23818,30276,amd-l4-default,amd-l4-default,"[""amd-l4-default""]",1.126547102991026,1.126547102991026,1.0,0.0,2.6811380349502345,1.0,True,True,True,False,,"[""13d5b988546e8bfea42def7f1dca6636d295cb1695b83bd246670c2761c4062b"", ""f5751ff9b9699bc32ef8669ff5a0057c6aba31280c72587ce2558584fcb979fb"", ""1d330b936b8d6098f68e6958c333295851cd96b9b3960d77aa9314c97104c7f1""]","[""13d5b988546e8bfea42def7f1dca6636d295cb1695b83bd246670c2761c4062b"", ""1d330b936b8d6098f68e6958c333295851cd96b9b3960d77aa9314c97104c7f1"", ""f5751ff9b9699bc32ef8669ff5a0057c6aba31280c72587ce2558584fcb979fb""]","[{""candidate_name"": ""amd-cpu-16"", ""predicted_log1p_median_wall_time_s"": 1.9685512775479292}, {""candidate_name"": ""amd-l4-default"", ""predicted_log1p_median_wall_time_s"": 1.0578596745367868}]"
primary_leave_one_family_out_02_n2,n2,measured_feasible_oracle,n2,N2,6-31G,reported,n2::n2-prefix-0174,n2-prefix-0174,d1155d168110c036ee82b3dc7b49f5ee983c34dd893b4504304b8b36a4e23818,30276,amd-l4-default,amd-l4-default,"[""amd-l4-default""]",1.126547102991026,1.126547102991026,1.0,0.0,2.6811380349502345,1.0,True,True,True,False,,"[""13d5b988546e8bfea42def7f1dca6636d295cb1695b83bd246670c2761c4062b"", ""f5751ff9b9699bc32ef8669ff5a0057c6aba31280c72587ce2558584fcb979fb"", ""1d330b936b8d6098f68e6958c333295851cd96b9b3960d77aa9314c97104c7f1""]","[""13d5b988546e8bfea42def7f1dca6636d295cb1695b83bd246670c2761c4062b"", ""1d330b936b8d6098f68e6958c333295851cd96b9b3960d77aa9314c97104c7f1"", ""f5751ff9b9699bc32ef8669ff5a0057c6aba31280c72587ce2558584fcb979fb""]",
primary_leave_one_family_out_02_n2,n2,fixed_cpu16,n2,N2,6-31G,reported,n2::n2-prefix-0239,n2-prefix-0239,6976b0d5793326781b16b53b6ff8d7c76068bdd016bdd29aa4cbee3e6aab0deb,57121,amd-cpu-16,amd-cpu-16,"[""amd-l4-default""]",5.9361246040061815,1.3086300879949704,4.536136421180159,3.536136421180159,1.0,0.22045192365264704,False,False,True,False,,"[""cbe42f483a8cd2304e300ce2f15864d22c47cb350915d9f223292566d0c8197a"", ""3036900e016395e8c36e67940610b06f99732ad2e4f7c0f2a387cd1f01ae2b70"", ""eb300730e763371342c37c6f4e483bd7ee2a2bc8258a43240985ac818dee59bd""]","[""397059c3d896f0f31712bd05ede893385fab17bcf8fb0d847fd5d767bf5f5a5a"", ""3acea955b615644c703406ffb6b800259b30d66535f322a4fe253d9b2a0701a0"", ""838fd5600be44b204460288dd0711b79cd78cf2fbdf6e15baf9026c81c49638e""]",
primary_leave_one_family_out_02_n2,n2,fixed_gpu,n2,N2,6-31G,reported,n2::n2-prefix-0239,n2-prefix-0239,6976b0d5793326781b16b53b6ff8d7c76068bdd016bdd29aa4cbee3e6aab0deb,57121,amd-l4-default,amd-l4-default,"[""amd-l4-default""]",1.3086300879949704,1.3086300879949704,1.0,0.0,4.536136421180159,1.0,True,True,True,False,,"[""838fd5600be44b204460288dd0711b79cd78cf2fbdf6e15baf9026c81c49638e"", ""397059c3d896f0f31712bd05ede893385fab17bcf8fb0d847fd5d767bf5f5a5a"", ""3acea955b615644c703406ffb6b800259b30d66535f322a4fe253d9b2a0701a0""]","[""397059c3d896f0f31712bd05ede893385fab17bcf8fb0d847fd5d767bf5f5a5a"", ""3acea955b615644c703406ffb6b800259b30d66535f322a4fe253d9b2a0701a0"", ""838fd5600be44b204460288dd0711b79cd78cf2fbdf6e15baf9026c81c49638e""]",
primary_leave_one_family_out_02_n2,n2,static_size_threshold,n2,N2,6-31G,reported,n2::n2-prefix-0239,n2-prefix-0239,6976b0d5793326781b16b53b6ff8d7c76068bdd016bdd29aa4cbee3e6aab0deb,57121,amd-l4-default,amd-l4-default,"[""amd-l4-default""]",1.3086300879949704,1.3086300879949704,1.0,0.0,4.536136421180159,1.0,True,True,True,False,,"[""838fd5600be44b204460288dd0711b79cd78cf2fbdf6e15baf9026c81c49638e"", ""397059c3d896f0f31712bd05ede893385fab17bcf8fb0d847fd5d767bf5f5a5a"", ""3acea955b615644c703406ffb6b800259b30d66535f322a4fe253d9b2a0701a0""]","[""397059c3d896f0f31712bd05ede893385fab17bcf8fb0d847fd5d767bf5f5a5a"", ""3acea955b615644c703406ffb6b800259b30d66535f322a4fe253d9b2a0701a0"", ""838fd5600be44b204460288dd0711b79cd78cf2fbdf6e15baf9026c81c49638e""]",
primary_leave_one_family_out_02_n2,n2,size_only_tree_ablation,n2,N2,6-31G,reported,n2::n2-prefix-0239,n2-prefix-0239,6976b0d5793326781b16b53b6ff8d7c76068bdd016bdd29aa4cbee3e6aab0deb,57121,amd-l4-default,amd-l4-default,"[""amd-l4-default""]",1.3086300879949704,1.3086300879949704,1.0,0.0,4.536136421180159,1.0,True,True,True,False,,"[""838fd5600be44b204460288dd0711b79cd78cf2fbdf6e15baf9026c81c49638e"", ""397059c3d896f0f31712bd05ede893385fab17bcf8fb0d847fd5d767bf5f5a5a"", ""3acea955b615644c703406ffb6b800259b30d66535f322a4fe253d9b2a0701a0""]","[""397059c3d896f0f31712bd05ede893385fab17bcf8fb0d847fd5d767bf5f5a5a"", ""3acea955b615644c703406ffb6b800259b30d66535f322a4fe253d9b2a0701a0"", ""838fd5600be44b204460288dd0711b79cd78cf2fbdf6e15baf9026c81c49638e""]","[{""candidate_name"": ""amd-cpu-16"", ""predicted_log1p_median_wall_time_s"": 3.4283073867664173}, {""candidate_name"": ""amd-l4-default"", ""predicted_log1p_median_wall_time_s"": 1.9474666489490353}]"
primary_leave_one_family_out_02_n2,n2,autosbd_full_tree,n2,N2,6-31G,reported,n2::n2-prefix-0239,n2-prefix-0239,6976b0d5793326781b16b53b6ff8d7c76068bdd016bdd29aa4cbee3e6aab0deb,57121,amd-l4-default,amd-l4-default,"[""amd-l4-default""]",1.3086300879949704,1.3086300879949704,1.0,0.0,4.536136421180159,1.0,True,True,True,False,,"[""838fd5600be44b204460288dd0711b79cd78cf2fbdf6e15baf9026c81c49638e"", ""397059c3d896f0f31712bd05ede893385fab17bcf8fb0d847fd5d767bf5f5a5a"", ""3acea955b615644c703406ffb6b800259b30d66535f322a4fe253d9b2a0701a0""]","[""397059c3d896f0f31712bd05ede893385fab17bcf8fb0d847fd5d767bf5f5a5a"", ""3acea955b615644c703406ffb6b800259b30d66535f322a4fe253d9b2a0701a0"", ""838fd5600be44b204460288dd0711b79cd78cf2fbdf6e15baf9026c81c49638e""]","[{""candidate_name"": ""amd-cpu-16"", ""predicted_log1p_median_wall_time_s"": 1.9685512775479292}, {""candidate_name"": ""amd-l4-default"", ""predicted_log1p_median_wall_time_s"": 1.0578596745367868}]"
primary_leave_one_family_out_02_n2,n2,measured_feasible_oracle,n2,N2,6-31G,reported,n2::n2-prefix-0239,n2-prefix-0239,6976b0d5793326781b16b53b6ff8d7c76068bdd016bdd29aa4cbee3e6aab0deb,57121,amd-l4-default,amd-l4-default,"[""amd-l4-default""]",1.3086300879949704,1.3086300879949704,1.0,0.0,4.536136421180159,1.0,True,True,True,False,,"[""838fd5600be44b204460288dd0711b79cd78cf2fbdf6e15baf9026c81c49638e"", ""397059c3d896f0f31712bd05ede893385fab17bcf8fb0d847fd5d767bf5f5a5a"", ""3acea955b615644c703406ffb6b800259b30d66535f322a4fe253d9b2a0701a0""]","[""397059c3d896f0f31712bd05ede893385fab17bcf8fb0d847fd5d767bf5f5a5a"", ""3acea955b615644c703406ffb6b800259b30d66535f322a4fe253d9b2a0701a0"", ""838fd5600be44b204460288dd0711b79cd78cf2fbdf6e15baf9026c81c49638e""]",
primary_leave_one_family_out_03_h2o,h2o,fixed_cpu16,h2o,H2O,cc-pVDZ,reported,h2o::h2o-prefix-0032,h2o-prefix-0032,bc8b7df3cfd9b36edc9a7de5e173ba97c6d3260c199b68c67f44ddff94624373,1024,amd-cpu-16,amd-cpu-16,"[""amd-cpu-16""]",0.6072084219922544,0.6072084219922544,1.0,0.0,1.0,1.3869591107344934,True,True,True,False,,"[""646bfafa6a1e5bb7555c22af06cd5661c1201d9586bc1962a796101281af91a7"", ""1babc6f0a970a8003fd4262fad91f48b52ce92dae868c5685469b0eaf787eb5f"", ""60e1f586a5e945e72cf7bed048abae7f6defeea0915052e61e0b064c7ffa25c8""]","[""1babc6f0a970a8003fd4262fad91f48b52ce92dae868c5685469b0eaf787eb5f"", ""60e1f586a5e945e72cf7bed048abae7f6defeea0915052e61e0b064c7ffa25c8"", ""646bfafa6a1e5bb7555c22af06cd5661c1201d9586bc1962a796101281af91a7""]",
primary_leave_one_family_out_03_h2o,h2o,fixed_gpu,h2o,H2O,cc-pVDZ,reported,h2o::h2o-prefix-0032,h2o-prefix-0032,bc8b7df3cfd9b36edc9a7de5e173ba97c6d3260c199b68c67f44ddff94624373,1024,amd-l4-default,amd-l4-default,"[""amd-cpu-16""]",0.8421732529968722,0.6072084219922544,1.3869591107344934,0.3869591107344933,0.7210017889211089,1.0,False,False,True,False,,"[""87a4a07004286806a8949952edf8f1dcf3deb89424aeea654634e46d6f835e56"", ""4310ff0e7e0fc1c11f2c379338d18f1fdaec38f2d3bcc4120f8c1ccd91837613"", ""f75f2b6790b5f03b84e50ec19f7464a708eff82be0481506e56784a53cda9e2c""]","[""1babc6f0a970a8003fd4262fad91f48b52ce92dae868c5685469b0eaf787eb5f"", ""60e1f586a5e945e72cf7bed048abae7f6defeea0915052e61e0b064c7ffa25c8"", ""646bfafa6a1e5bb7555c22af06cd5661c1201d9586bc1962a796101281af91a7""]",
primary_leave_one_family_out_03_h2o,h2o,static_size_threshold,h2o,H2O,cc-pVDZ,reported,h2o::h2o-prefix-0032,h2o-prefix-0032,bc8b7df3cfd9b36edc9a7de5e173ba97c6d3260c199b68c67f44ddff94624373,1024,amd-cpu-16,amd-cpu-16,"[""amd-cpu-16""]",0.6072084219922544,0.6072084219922544,1.0,0.0,1.0,1.3869591107344934,True,True,True,False,,"[""646bfafa6a1e5bb7555c22af06cd5661c1201d9586bc1962a796101281af91a7"", ""1babc6f0a970a8003fd4262fad91f48b52ce92dae868c5685469b0eaf787eb5f"", ""60e1f586a5e945e72cf7bed048abae7f6defeea0915052e61e0b064c7ffa25c8""]","[""1babc6f0a970a8003fd4262fad91f48b52ce92dae868c5685469b0eaf787eb5f"", ""60e1f586a5e945e72cf7bed048abae7f6defeea0915052e61e0b064c7ffa25c8"", ""646bfafa6a1e5bb7555c22af06cd5661c1201d9586bc1962a796101281af91a7""]",
primary_leave_one_family_out_03_h2o,h2o,size_only_tree_ablation,h2o,H2O,cc-pVDZ,reported,h2o::h2o-prefix-0032,h2o-prefix-0032,bc8b7df3cfd9b36edc9a7de5e173ba97c6d3260c199b68c67f44ddff94624373,1024,amd-cpu-16,amd-cpu-16,"[""amd-cpu-16""]",0.6072084219922544,0.6072084219922544,1.0,0.0,1.0,1.3869591107344934,True,True,True,False,,"[""646bfafa6a1e5bb7555c22af06cd5661c1201d9586bc1962a796101281af91a7"", ""1babc6f0a970a8003fd4262fad91f48b52ce92dae868c5685469b0eaf787eb5f"", ""60e1f586a5e945e72cf7bed048abae7f6defeea0915052e61e0b064c7ffa25c8""]","[""1babc6f0a970a8003fd4262fad91f48b52ce92dae868c5685469b0eaf787eb5f"", ""60e1f586a5e945e72cf7bed048abae7f6defeea0915052e61e0b064c7ffa25c8"", ""646bfafa6a1e5bb7555c22af06cd5661c1201d9586bc1962a796101281af91a7""]","[{""candidate_name"": ""amd-cpu-16"", ""predicted_log1p_median_wall_time_s"": 0.7903218295502904}, {""candidate_name"": ""amd-l4-default"", ""predicted_log1p_median_wall_time_s"": 0.7903218295502904}]"
primary_leave_one_family_out_03_h2o,h2o,autosbd_full_tree,h2o,H2O,cc-pVDZ,reported,h2o::h2o-prefix-0032,h2o-prefix-0032,bc8b7df3cfd9b36edc9a7de5e173ba97c6d3260c199b68c67f44ddff94624373,1024,amd-cpu-16,amd-cpu-16,"[""amd-cpu-16""]",0.6072084219922544,0.6072084219922544,1.0,0.0,1.0,1.3869591107344934,True,True,True,False,,"[""646bfafa6a1e5bb7555c22af06cd5661c1201d9586bc1962a796101281af91a7"", ""1babc6f0a970a8003fd4262fad91f48b52ce92dae868c5685469b0eaf787eb5f"", ""60e1f586a5e945e72cf7bed048abae7f6defeea0915052e61e0b064c7ffa25c8""]","[""1babc6f0a970a8003fd4262fad91f48b52ce92dae868c5685469b0eaf787eb5f"", ""60e1f586a5e945e72cf7bed048abae7f6defeea0915052e61e0b064c7ffa25c8"", ""646bfafa6a1e5bb7555c22af06cd5661c1201d9586bc1962a796101281af91a7""]","[{""candidate_name"": ""amd-cpu-16"", ""predicted_log1p_median_wall_time_s"": 0.6019469744320161}, {""candidate_name"": ""amd-l4-default"", ""predicted_log1p_median_wall_time_s"": 0.6019469744320161}]"
primary_leave_one_family_out_03_h2o,h2o,measured_feasible_oracle,h2o,H2O,cc-pVDZ,reported,h2o::h2o-prefix-0032,h2o-prefix-0032,bc8b7df3cfd9b36edc9a7de5e173ba97c6d3260c199b68c67f44ddff94624373,1024,amd-cpu-16,amd-cpu-16,"[""amd-cpu-16""]",0.6072084219922544,0.6072084219922544,1.0,0.0,1.0,1.3869591107344934,True,True,True,False,,"[""646bfafa6a1e5bb7555c22af06cd5661c1201d9586bc1962a796101281af91a7"", ""1babc6f0a970a8003fd4262fad91f48b52ce92dae868c5685469b0eaf787eb5f"", ""60e1f586a5e945e72cf7bed048abae7f6defeea0915052e61e0b064c7ffa25c8""]","[""1babc6f0a970a8003fd4262fad91f48b52ce92dae868c5685469b0eaf787eb5f"", ""60e1f586a5e945e72cf7bed048abae7f6defeea0915052e61e0b064c7ffa25c8"", ""646bfafa6a1e5bb7555c22af06cd5661c1201d9586bc1962a796101281af91a7""]",
primary_leave_one_family_out_03_h2o,h2o,fixed_cpu16,h2o,H2O,cc-pVDZ,reported,h2o::h2o-prefix-0055,h2o-prefix-0055,d0872935a2dc0f51499913dbc2f2300c4158877041671b5eb2d7406276f4b6e4,3025,amd-cpu-16,amd-cpu-16,"[""amd-cpu-16""]",0.7084147349960404,0.7084147349960404,1.0,0.0,1.0,1.3841755352561984,True,True,True,False,,"[""2f052e065eb84d076229a35a6fffddeb33eccd11c574343e3448e7ff73a99877"", ""ab75586d5e84211264de38f247849e42e610428b8f2202af12ce9c0772feee31"", ""f03815a98e56af13025f0fa50ea683a03cb5b327095a59d3af4a945c86cf1956""]","[""2f052e065eb84d076229a35a6fffddeb33eccd11c574343e3448e7ff73a99877"", ""ab75586d5e84211264de38f247849e42e610428b8f2202af12ce9c0772feee31"", ""f03815a98e56af13025f0fa50ea683a03cb5b327095a59d3af4a945c86cf1956""]",
primary_leave_one_family_out_03_h2o,h2o,fixed_gpu,h2o,H2O,cc-pVDZ,reported,h2o::h2o-prefix-0055,h2o-prefix-0055,d0872935a2dc0f51499913dbc2f2300c4158877041671b5eb2d7406276f4b6e4,3025,amd-l4-default,amd-l4-default,"[""amd-cpu-16""]",0.9805703449965222,0.7084147349960404,1.3841755352561984,0.3841755352561985,0.7224517227252604,1.0,False,False,True,False,,"[""5172c5ae7e421d21f24e8a0b0c4d22a0b17f333ce9147636fac28dcf34a6e56e"", ""7f60ab54f50bf383cbb19af19dcf4dc1e2a62c3ac77d19e747adb7d563ca3370"", ""124596a13abd34f8614fa0a1bc54e3eb763741a220b30eef255c343db5fb98dd""]","[""2f052e065eb84d076229a35a6fffddeb33eccd11c574343e3448e7ff73a99877"", ""ab75586d5e84211264de38f247849e42e610428b8f2202af12ce9c0772feee31"", ""f03815a98e56af13025f0fa50ea683a03cb5b327095a59d3af4a945c86cf1956""]",
primary_leave_one_family_out_03_h2o,h2o,static_size_threshold,h2o,H2O,cc-pVDZ,reported,h2o::h2o-prefix-0055,h2o-prefix-0055,d0872935a2dc0f51499913dbc2f2300c4158877041671b5eb2d7406276f4b6e4,3025,amd-l4-default,amd-l4-default,"[""amd-cpu-16""]",0.9805703449965222,0.7084147349960404,1.3841755352561984,0.3841755352561985,0.7224517227252604,1.0,False,False,True,False,,"[""5172c5ae7e421d21f24e8a0b0c4d22a0b17f333ce9147636fac28dcf34a6e56e"", ""7f60ab54f50bf383cbb19af19dcf4dc1e2a62c3ac77d19e747adb7d563ca3370"", ""124596a13abd34f8614fa0a1bc54e3eb763741a220b30eef255c343db5fb98dd""]","[""2f052e065eb84d076229a35a6fffddeb33eccd11c574343e3448e7ff73a99877"", ""ab75586d5e84211264de38f247849e42e610428b8f2202af12ce9c0772feee31"", ""f03815a98e56af13025f0fa50ea683a03cb5b327095a59d3af4a945c86cf1956""]",
primary_leave_one_family_out_03_h2o,h2o,size_only_tree_ablation,h2o,H2O,cc-pVDZ,reported,h2o::h2o-prefix-0055,h2o-prefix-0055,d0872935a2dc0f51499913dbc2f2300c4158877041671b5eb2d7406276f4b6e4,3025,amd-cpu-16,amd-cpu-16,"[""amd-cpu-16""]",0.7084147349960404,0.7084147349960404,1.0,0.0,1.0,1.3841755352561984,True,True,True,False,,"[""2f052e065eb84d076229a35a6fffddeb33eccd11c574343e3448e7ff73a99877"", ""ab75586d5e84211264de38f247849e42e610428b8f2202af12ce9c0772feee31"", ""f03815a98e56af13025f0fa50ea683a03cb5b327095a59d3af4a945c86cf1956""]","[""2f052e065eb84d076229a35a6fffddeb33eccd11c574343e3448e7ff73a99877"", ""ab75586d5e84211264de38f247849e42e610428b8f2202af12ce9c0772feee31"", ""f03815a98e56af13025f0fa50ea683a03cb5b327095a59d3af4a945c86cf1956""]","[{""candidate_name"": ""amd-cpu-16"", ""predicted_log1p_median_wall_time_s"": 0.7903218295502904}, {""candidate_name"": ""amd-l4-default"", ""predicted_log1p_median_wall_time_s"": 0.7903218295502904}]"
primary_leave_one_family_out_03_h2o,h2o,autosbd_full_tree,h2o,H2O,cc-pVDZ,reported,h2o::h2o-prefix-0055,h2o-prefix-0055,d0872935a2dc0f51499913dbc2f2300c4158877041671b5eb2d7406276f4b6e4,3025,amd-cpu-16,amd-cpu-16,"[""amd-cpu-16""]",0.7084147349960404,0.7084147349960404,1.0,0.0,1.0,1.3841755352561984,True,True,True,False,,"[""2f052e065eb84d076229a35a6fffddeb33eccd11c574343e3448e7ff73a99877"", ""ab75586d5e84211264de38f247849e42e610428b8f2202af12ce9c0772feee31"", ""f03815a98e56af13025f0fa50ea683a03cb5b327095a59d3af4a945c86cf1956""]","[""2f052e065eb84d076229a35a6fffddeb33eccd11c574343e3448e7ff73a99877"", ""ab75586d5e84211264de38f247849e42e610428b8f2202af12ce9c0772feee31"", ""f03815a98e56af13025f0fa50ea683a03cb5b327095a59d3af4a945c86cf1956""]","[{""candidate_name"": ""amd-cpu-16"", ""predicted_log1p_median_wall_time_s"": 0.6019469744320161}, {""candidate_name"": ""amd-l4-default"", ""predicted_log1p_median_wall_time_s"": 0.6019469744320161}]"
primary_leave_one_family_out_03_h2o,h2o,measured_feasible_oracle,h2o,H2O,cc-pVDZ,reported,h2o::h2o-prefix-0055,h2o-prefix-0055,d0872935a2dc0f51499913dbc2f2300c4158877041671b5eb2d7406276f4b6e4,3025,amd-cpu-16,amd-cpu-16,"[""amd-cpu-16""]",0.7084147349960404,0.7084147349960404,1.0,0.0,1.0,1.3841755352561984,True,True,True,False,,"[""2f052e065eb84d076229a35a6fffddeb33eccd11c574343e3448e7ff73a99877"", ""ab75586d5e84211264de38f247849e42e610428b8f2202af12ce9c0772feee31"", ""f03815a98e56af13025f0fa50ea683a03cb5b327095a59d3af4a945c86cf1956""]","[""2f052e065eb84d076229a35a6fffddeb33eccd11c574343e3448e7ff73a99877"", ""ab75586d5e84211264de38f247849e42e610428b8f2202af12ce9c0772feee31"", ""f03815a98e56af13025f0fa50ea683a03cb5b327095a59d3af4a945c86cf1956""]",
primary_leave_one_family_out_03_h2o,h2o,fixed_cpu16,h2o,H2O,cc-pVDZ,reported,h2o::h2o-prefix-0100,h2o-prefix-0100,8f6d951383efdfa90bdfdc8fc43e537f3e939861f6d1cd6b81d4217d95861751,10000,amd-cpu-16,amd-cpu-16,"[""amd-l4-default""]",1.3114063190005254,0.9931319280003663,1.3204754393920177,0.3204754393920177,1.0,0.7573029911562965,False,False,True,False,,"[""434f9f108be40028b9d3a043be8237ddca827e78f5c49993d489ad0337b4497b"", ""acd4b5e3df8c31ee18002e97a018432660f9d20a1eb84767351f399411420d73"", ""5a753b6eb01311db3f1754c2f42eba6839ddad41241f568c41d268e19991fee0""]","[""1971d33da7db7c7dd5c1c71e21387a0ddabacc381a74361e64bed29f390bb856"", ""53bd165138d6a0aab06c16e7b296b8b2834f500dfe6851f750af488fe4b81c45"", ""8fef94e0a8a645e8409be5135008255db63b2a4e12d97e7f8e70f061d1e8b39b""]",
primary_leave_one_family_out_03_h2o,h2o,fixed_gpu,h2o,H2O,cc-pVDZ,reported,h2o::h2o-prefix-0100,h2o-prefix-0100,8f6d951383efdfa90bdfdc8fc43e537f3e939861f6d1cd6b81d4217d95861751,10000,amd-l4-default,amd-l4-default,"[""amd-l4-default""]",0.9931319280003663,0.9931319280003663,1.0,0.0,1.3204754393920177,1.0,True,True,True,False,,"[""1971d33da7db7c7dd5c1c71e21387a0ddabacc381a74361e64bed29f390bb856"", ""53bd165138d6a0aab06c16e7b296b8b2834f500dfe6851f750af488fe4b81c45"", ""8fef94e0a8a645e8409be5135008255db63b2a4e12d97e7f8e70f061d1e8b39b""]","[""1971d33da7db7c7dd5c1c71e21387a0ddabacc381a74361e64bed29f390bb856"", ""53bd165138d6a0aab06c16e7b296b8b2834f500dfe6851f750af488fe4b81c45"", ""8fef94e0a8a645e8409be5135008255db63b2a4e12d97e7f8e70f061d1e8b39b""]",
primary_leave_one_family_out_03_h2o,h2o,static_size_threshold,h2o,H2O,cc-pVDZ,reported,h2o::h2o-prefix-0100,h2o-prefix-0100,8f6d951383efdfa90bdfdc8fc43e537f3e939861f6d1cd6b81d4217d95861751,10000,amd-l4-default,amd-l4-default,"[""amd-l4-default""]",0.9931319280003663,0.9931319280003663,1.0,0.0,1.3204754393920177,1.0,True,True,True,False,,"[""1971d33da7db7c7dd5c1c71e21387a0ddabacc381a74361e64bed29f390bb856"", ""53bd165138d6a0aab06c16e7b296b8b2834f500dfe6851f750af488fe4b81c45"", ""8fef94e0a8a645e8409be5135008255db63b2a4e12d97e7f8e70f061d1e8b39b""]","[""1971d33da7db7c7dd5c1c71e21387a0ddabacc381a74361e64bed29f390bb856"", ""53bd165138d6a0aab06c16e7b296b8b2834f500dfe6851f750af488fe4b81c45"", ""8fef94e0a8a645e8409be5135008255db63b2a4e12d97e7f8e70f061d1e8b39b""]",
primary_leave_one_family_out_03_h2o,h2o,size_only_tree_ablation,h2o,H2O,cc-pVDZ,reported,h2o::h2o-prefix-0100,h2o-prefix-0100,8f6d951383efdfa90bdfdc8fc43e537f3e939861f6d1cd6b81d4217d95861751,10000,amd-cpu-16,amd-cpu-16,"[""amd-l4-default""]",1.3114063190005254,0.9931319280003663,1.3204754393920177,0.3204754393920177,1.0,0.7573029911562965,False,False,True,False,,"[""434f9f108be40028b9d3a043be8237ddca827e78f5c49993d489ad0337b4497b"", ""acd4b5e3df8c31ee18002e97a018432660f9d20a1eb84767351f399411420d73"", ""5a753b6eb01311db3f1754c2f42eba6839ddad41241f568c41d268e19991fee0""]","[""1971d33da7db7c7dd5c1c71e21387a0ddabacc381a74361e64bed29f390bb856"", ""53bd165138d6a0aab06c16e7b296b8b2834f500dfe6851f750af488fe4b81c45"", ""8fef94e0a8a645e8409be5135008255db63b2a4e12d97e7f8e70f061d1e8b39b""]","[{""candidate_name"": ""amd-cpu-16"", ""predicted_log1p_median_wall_time_s"": 1.168970004025978}, {""candidate_name"": ""amd-l4-default"", ""predicted_log1p_median_wall_time_s"": 1.168970004025978}]"
primary_leave_one_family_out_03_h2o,h2o,autosbd_full_tree,h2o,H2O,cc-pVDZ,reported,h2o::h2o-prefix-0100,h2o-prefix-0100,8f6d951383efdfa90bdfdc8fc43e537f3e939861f6d1cd6b81d4217d95861751,10000,amd-l4-default,amd-l4-default,"[""amd-l4-default""]",0.9931319280003663,0.9931319280003663,1.0,0.0,1.3204754393920177,1.0,True,True,True,False,,"[""1971d33da7db7c7dd5c1c71e21387a0ddabacc381a74361e64bed29f390bb856"", ""53bd165138d6a0aab06c16e7b296b8b2834f500dfe6851f750af488fe4b81c45"", ""8fef94e0a8a645e8409be5135008255db63b2a4e12d97e7f8e70f061d1e8b39b""]","[""1971d33da7db7c7dd5c1c71e21387a0ddabacc381a74361e64bed29f390bb856"", ""53bd165138d6a0aab06c16e7b296b8b2834f500dfe6851f750af488fe4b81c45"", ""8fef94e0a8a645e8409be5135008255db63b2a4e12d97e7f8e70f061d1e8b39b""]","[{""candidate_name"": ""amd-cpu-16"", ""predicted_log1p_median_wall_time_s"": 1.740108747057563}, {""candidate_name"": ""amd-l4-default"", ""predicted_log1p_median_wall_time_s"": 0.9789111431501386}]"
primary_leave_one_family_out_03_h2o,h2o,measured_feasible_oracle,h2o,H2O,cc-pVDZ,reported,h2o::h2o-prefix-0100,h2o-prefix-0100,8f6d951383efdfa90bdfdc8fc43e537f3e939861f6d1cd6b81d4217d95861751,10000,amd-l4-default,amd-l4-default,"[""amd-l4-default""]",0.9931319280003663,0.9931319280003663,1.0,0.0,1.3204754393920177,1.0,True,True,True,False,,"[""1971d33da7db7c7dd5c1c71e21387a0ddabacc381a74361e64bed29f390bb856"", ""53bd165138d6a0aab06c16e7b296b8b2834f500dfe6851f750af488fe4b81c45"", ""8fef94e0a8a645e8409be5135008255db63b2a4e12d97e7f8e70f061d1e8b39b""]","[""1971d33da7db7c7dd5c1c71e21387a0ddabacc381a74361e64bed29f390bb856"", ""53bd165138d6a0aab06c16e7b296b8b2834f500dfe6851f750af488fe4b81c45"", ""8fef94e0a8a645e8409be5135008255db63b2a4e12d97e7f8e70f061d1e8b39b""]",
primary_leave_one_family_out_03_h2o,h2o,fixed_cpu16,h2o,H2O,cc-pVDZ,reported,h2o::h2o-prefix-0174,h2o-prefix-0174,54238461a8e4af6e254f60eecaa74512c6dee9fa209ca461041b5dea338aa659,30276,amd-cpu-16,amd-cpu-16,"[""amd-l4-default""]",3.6244393740053056,1.311357719998341,2.7638830494015703,1.7638830494015705,1.0,0.36180980965041837,False,False,True,False,,"[""516077e2b3797f0b606854a666e4d4adaf5df55fde04ffe58d55af7370e41fb0"", ""a144503ea2243461303c0fa3105fe474abc352c17fd050ec334cb868e36ddbe2"", ""38aa7d5738a07fb8ee4fdf218a3ce8577d919ce1d6689d890dea8f13b60e2a40""]","[""0d149660f9d880830f05303834f18916631f6c19c2e2f3bea411ff9caa6f06ab"", ""3864801d362800f9cd759a6d5372ba6301707406fceb109728baa8cf837039b1"", ""3b77cb65794ab766e0eaa5c0d4cc76b7ef7a0cd07d8c058d3090ef0ce91c7229""]",
primary_leave_one_family_out_03_h2o,h2o,fixed_gpu,h2o,H2O,cc-pVDZ,reported,h2o::h2o-prefix-0174,h2o-prefix-0174,54238461a8e4af6e254f60eecaa74512c6dee9fa209ca461041b5dea338aa659,30276,amd-l4-default,amd-l4-default,"[""amd-l4-default""]",1.311357719998341,1.311357719998341,1.0,0.0,2.7638830494015703,1.0,True,True,True,False,,"[""0d149660f9d880830f05303834f18916631f6c19c2e2f3bea411ff9caa6f06ab"", ""3b77cb65794ab766e0eaa5c0d4cc76b7ef7a0cd07d8c058d3090ef0ce91c7229"", ""3864801d362800f9cd759a6d5372ba6301707406fceb109728baa8cf837039b1""]","[""0d149660f9d880830f05303834f18916631f6c19c2e2f3bea411ff9caa6f06ab"", ""3864801d362800f9cd759a6d5372ba6301707406fceb109728baa8cf837039b1"", ""3b77cb65794ab766e0eaa5c0d4cc76b7ef7a0cd07d8c058d3090ef0ce91c7229""]",
primary_leave_one_family_out_03_h2o,h2o,static_size_threshold,h2o,H2O,cc-pVDZ,reported,h2o::h2o-prefix-0174,h2o-prefix-0174,54238461a8e4af6e254f60eecaa74512c6dee9fa209ca461041b5dea338aa659,30276,amd-l4-default,amd-l4-default,"[""amd-l4-default""]",1.311357719998341,1.311357719998341,1.0,0.0,2.7638830494015703,1.0,True,True,True,False,,"[""0d149660f9d880830f05303834f18916631f6c19c2e2f3bea411ff9caa6f06ab"", ""3b77cb65794ab766e0eaa5c0d4cc76b7ef7a0cd07d8c058d3090ef0ce91c7229"", ""3864801d362800f9cd759a6d5372ba6301707406fceb109728baa8cf837039b1""]","[""0d149660f9d880830f05303834f18916631f6c19c2e2f3bea411ff9caa6f06ab"", ""3864801d362800f9cd759a6d5372ba6301707406fceb109728baa8cf837039b1"", ""3b77cb65794ab766e0eaa5c0d4cc76b7ef7a0cd07d8c058d3090ef0ce91c7229""]",
primary_leave_one_family_out_03_h2o,h2o,size_only_tree_ablation,h2o,H2O,cc-pVDZ,reported,h2o::h2o-prefix-0174,h2o-prefix-0174,54238461a8e4af6e254f60eecaa74512c6dee9fa209ca461041b5dea338aa659,30276,amd-l4-default,amd-l4-default,"[""amd-l4-default""]",1.311357719998341,1.311357719998341,1.0,0.0,2.7638830494015703,1.0,True,True,True,False,,"[""0d149660f9d880830f05303834f18916631f6c19c2e2f3bea411ff9caa6f06ab"", ""3b77cb65794ab766e0eaa5c0d4cc76b7ef7a0cd07d8c058d3090ef0ce91c7229"", ""3864801d362800f9cd759a6d5372ba6301707406fceb109728baa8cf837039b1""]","[""0d149660f9d880830f05303834f18916631f6c19c2e2f3bea411ff9caa6f06ab"", ""3864801d362800f9cd759a6d5372ba6301707406fceb109728baa8cf837039b1"", ""3b77cb65794ab766e0eaa5c0d4cc76b7ef7a0cd07d8c058d3090ef0ce91c7229""]","[{""candidate_name"": ""amd-cpu-16"", ""predicted_log1p_median_wall_time_s"": 2.253706165820723}, {""candidate_name"": ""amd-l4-default"", ""predicted_log1p_median_wall_time_s"": 1.2903890095107464}]"
primary_leave_one_family_out_03_h2o,h2o,autosbd_full_tree,h2o,H2O,cc-pVDZ,reported,h2o::h2o-prefix-0174,h2o-prefix-0174,54238461a8e4af6e254f60eecaa74512c6dee9fa209ca461041b5dea338aa659,30276,amd-l4-default,amd-l4-default,"[""amd-l4-default""]",1.311357719998341,1.311357719998341,1.0,0.0,2.7638830494015703,1.0,True,True,True,False,,"[""0d149660f9d880830f05303834f18916631f6c19c2e2f3bea411ff9caa6f06ab"", ""3b77cb65794ab766e0eaa5c0d4cc76b7ef7a0cd07d8c058d3090ef0ce91c7229"", ""3864801d362800f9cd759a6d5372ba6301707406fceb109728baa8cf837039b1""]","[""0d149660f9d880830f05303834f18916631f6c19c2e2f3bea411ff9caa6f06ab"", ""3864801d362800f9cd759a6d5372ba6301707406fceb109728baa8cf837039b1"", ""3b77cb65794ab766e0eaa5c0d4cc76b7ef7a0cd07d8c058d3090ef0ce91c7229""]","[{""candidate_name"": ""amd-cpu-16"", ""predicted_log1p_median_wall_time_s"": 1.740108747057563}, {""candidate_name"": ""amd-l4-default"", ""predicted_log1p_median_wall_time_s"": 0.9789111431501386}]"
primary_leave_one_family_out_03_h2o,h2o,measured_feasible_oracle,h2o,H2O,cc-pVDZ,reported,h2o::h2o-prefix-0174,h2o-prefix-0174,54238461a8e4af6e254f60eecaa74512c6dee9fa209ca461041b5dea338aa659,30276,amd-l4-default,amd-l4-default,"[""amd-l4-default""]",1.311357719998341,1.311357719998341,1.0,0.0,2.7638830494015703,1.0,True,True,True,False,,"[""0d149660f9d880830f05303834f18916631f6c19c2e2f3bea411ff9caa6f06ab"", ""3b77cb65794ab766e0eaa5c0d4cc76b7ef7a0cd07d8c058d3090ef0ce91c7229"", ""3864801d362800f9cd759a6d5372ba6301707406fceb109728baa8cf837039b1""]","[""0d149660f9d880830f05303834f18916631f6c19c2e2f3bea411ff9caa6f06ab"", ""3864801d362800f9cd759a6d5372ba6301707406fceb109728baa8cf837039b1"", ""3b77cb65794ab766e0eaa5c0d4cc76b7ef7a0cd07d8c058d3090ef0ce91c7229""]",
primary_leave_one_family_out_03_h2o,h2o,fixed_cpu16,h2o,H2O,cc-pVDZ,reported,h2o::h2o-prefix-0275,h2o-prefix-0275,ee17c38802ca7e869797f014dbc4957e7b589cc2cb8e2f2068c37fc2af1a150d,75625,amd-cpu-16,amd-cpu-16,"[""amd-l4-default""]",10.966416295006638,1.6916769039962674,6.482571387657153,5.482571387657153,1.0,0.15425977443210342,False,False,True,False,,"[""37a037903b332422f696a11ae57df25ad3050efac169bf99ccbea267bc6b6ef3"", ""2b07a38d443ca1f2f1a20f6bbcd354909d091b774c59bc32a28b93fd0a35bd43"", ""71503a2b5312643bed3c9dc1ec8253ad2470b441f1744f998ae7021f6d235d71""]","[""24c8de636e3439948a832a1f09c6c4b9256bc4dd31d5c96dea4eb244c6e85181"", ""46c317e090b7163fdccec5e0daf0f0ac9062e65b1158d35f9e9a158da1b678e3"", ""5db7ce68d7087cfcfdd35e6c9c0eafe8d4f6af8c69237ff7fe4a4aba49d62d40""]",
primary_leave_one_family_out_03_h2o,h2o,fixed_gpu,h2o,H2O,cc-pVDZ,reported,h2o::h2o-prefix-0275,h2o-prefix-0275,ee17c38802ca7e869797f014dbc4957e7b589cc2cb8e2f2068c37fc2af1a150d,75625,amd-l4-default,amd-l4-default,"[""amd-l4-default""]",1.6916769039962674,1.6916769039962674,1.0,0.0,6.482571387657153,1.0,True,True,True,False,,"[""46c317e090b7163fdccec5e0daf0f0ac9062e65b1158d35f9e9a158da1b678e3"", ""24c8de636e3439948a832a1f09c6c4b9256bc4dd31d5c96dea4eb244c6e85181"", ""5db7ce68d7087cfcfdd35e6c9c0eafe8d4f6af8c69237ff7fe4a4aba49d62d40""]","[""24c8de636e3439948a832a1f09c6c4b9256bc4dd31d5c96dea4eb244c6e85181"", ""46c317e090b7163fdccec5e0daf0f0ac9062e65b1158d35f9e9a158da1b678e3"", ""5db7ce68d7087cfcfdd35e6c9c0eafe8d4f6af8c69237ff7fe4a4aba49d62d40""]",
primary_leave_one_family_out_03_h2o,h2o,static_size_threshold,h2o,H2O,cc-pVDZ,reported,h2o::h2o-prefix-0275,h2o-prefix-0275,ee17c38802ca7e869797f014dbc4957e7b589cc2cb8e2f2068c37fc2af1a150d,75625,amd-l4-default,amd-l4-default,"[""amd-l4-default""]",1.6916769039962674,1.6916769039962674,1.0,0.0,6.482571387657153,1.0,True,True,True,False,,"[""46c317e090b7163fdccec5e0daf0f0ac9062e65b1158d35f9e9a158da1b678e3"", ""24c8de636e3439948a832a1f09c6c4b9256bc4dd31d5c96dea4eb244c6e85181"", ""5db7ce68d7087cfcfdd35e6c9c0eafe8d4f6af8c69237ff7fe4a4aba49d62d40""]","[""24c8de636e3439948a832a1f09c6c4b9256bc4dd31d5c96dea4eb244c6e85181"", ""46c317e090b7163fdccec5e0daf0f0ac9062e65b1158d35f9e9a158da1b678e3"", ""5db7ce68d7087cfcfdd35e6c9c0eafe8d4f6af8c69237ff7fe4a4aba49d62d40""]",
primary_leave_one_family_out_03_h2o,h2o,size_only_tree_ablation,h2o,H2O,cc-pVDZ,reported,h2o::h2o-prefix-0275,h2o-prefix-0275,ee17c38802ca7e869797f014dbc4957e7b589cc2cb8e2f2068c37fc2af1a150d,75625,amd-cpu-16,amd-cpu-16,"[""amd-l4-default""]",10.966416295006638,1.6916769039962674,6.482571387657153,5.482571387657153,1.0,0.15425977443210342,False,False,True,False,,"[""37a037903b332422f696a11ae57df25ad3050efac169bf99ccbea267bc6b6ef3"", ""2b07a38d443ca1f2f1a20f6bbcd354909d091b774c59bc32a28b93fd0a35bd43"", ""71503a2b5312643bed3c9dc1ec8253ad2470b441f1744f998ae7021f6d235d71""]","[""24c8de636e3439948a832a1f09c6c4b9256bc4dd31d5c96dea4eb244c6e85181"", ""46c317e090b7163fdccec5e0daf0f0ac9062e65b1158d35f9e9a158da1b678e3"", ""5db7ce68d7087cfcfdd35e6c9c0eafe8d4f6af8c69237ff7fe4a4aba49d62d40""]","[{""candidate_name"": ""amd-cpu-16"", ""predicted_log1p_median_wall_time_s"": 3.639639801735429}, {""candidate_name"": ""amd-l4-default"", ""predicted_log1p_median_wall_time_s"": 3.639639801735429}]"
primary_leave_one_family_out_03_h2o,h2o,autosbd_full_tree,h2o,H2O,cc-pVDZ,reported,h2o::h2o-prefix-0275,h2o-prefix-0275,ee17c38802ca7e869797f014dbc4957e7b589cc2cb8e2f2068c37fc2af1a150d,75625,amd-l4-default,amd-l4-default,"[""amd-l4-default""]",1.6916769039962674,1.6916769039962674,1.0,0.0,6.482571387657153,1.0,True,True,True,False,,"[""46c317e090b7163fdccec5e0daf0f0ac9062e65b1158d35f9e9a158da1b678e3"", ""24c8de636e3439948a832a1f09c6c4b9256bc4dd31d5c96dea4eb244c6e85181"", ""5db7ce68d7087cfcfdd35e6c9c0eafe8d4f6af8c69237ff7fe4a4aba49d62d40""]","[""24c8de636e3439948a832a1f09c6c4b9256bc4dd31d5c96dea4eb244c6e85181"", ""46c317e090b7163fdccec5e0daf0f0ac9062e65b1158d35f9e9a158da1b678e3"", ""5db7ce68d7087cfcfdd35e6c9c0eafe8d4f6af8c69237ff7fe4a4aba49d62d40""]","[{""candidate_name"": ""amd-cpu-16"", ""predicted_log1p_median_wall_time_s"": 1.740108747057563}, {""candidate_name"": ""amd-l4-default"", ""predicted_log1p_median_wall_time_s"": 0.9789111431501386}]"
primary_leave_one_family_out_03_h2o,h2o,measured_feasible_oracle,h2o,H2O,cc-pVDZ,reported,h2o::h2o-prefix-0275,h2o-prefix-0275,ee17c38802ca7e869797f014dbc4957e7b589cc2cb8e2f2068c37fc2af1a150d,75625,amd-l4-default,amd-l4-default,"[""amd-l4-default""]",1.6916769039962674,1.6916769039962674,1.0,0.0,6.482571387657153,1.0,True,True,True,False,,"[""46c317e090b7163fdccec5e0daf0f0ac9062e65b1158d35f9e9a158da1b678e3"", ""24c8de636e3439948a832a1f09c6c4b9256bc4dd31d5c96dea4eb244c6e85181"", ""5db7ce68d7087cfcfdd35e6c9c0eafe8d4f6af8c69237ff7fe4a4aba49d62d40""]","[""24c8de636e3439948a832a1f09c6c4b9256bc4dd31d5c96dea4eb244c6e85181"", ""46c317e090b7163fdccec5e0daf0f0ac9062e65b1158d35f9e9a158da1b678e3"", ""5db7ce68d7087cfcfdd35e6c9c0eafe8d4f6af8c69237ff7fe4a4aba49d62d40""]",
